INFO  20260518 19:44:02.900[restartedMain] [SwimpoolApplication:54] - Starting SwimpoolApplication using Java 21.0.10 with PID 1720 (C:\develop\KDTgit\codingtest\mydevelop\swimpool\build\classes\java\main started by smd08 in C:\develop\KDTgit\codingtest\mydevelop\Swimpool)
DEBUG 20260518 19:44:02.906[restartedMain] [SwimpoolApplication:55] - Running with Spring Boot v4.0.6, Spring v7.0.7
INFO  20260518 19:44:02.908[restartedMain] [SwimpoolApplication:658] - The following 1 profile is active: "pord"
DEBUG 20260518 19:44:02.910[restartedMain] [SpringApplication:685] - Loading source class com.mjc813.swimpool.SwimpoolApplication
DEBUG 20260518 19:44:03.004[restartedMain] [ChangeableUrls:69] - Matching URLs for reloading : [file:/C:/develop/KDTgit/codingtest/mydevelop/swimpool/build/classes/java/main/, file:/C:/develop/KDTgit/codingtest/mydevelop/swimpool/build/resources/main/]
DEBUG 20260518 19:44:03.005[restartedMain] [DevToolsSettings:69] - Included patterns for restart : []
DEBUG 20260518 19:44:03.006[restartedMain] [DevToolsSettings:69] - Excluded patterns for restart : [/spring-boot-starter-[\w-]+/, /spring-boot/(bin|build|out)/, /spring-boot-starter/(bin|build|out)/, /spring-boot-devtools/(bin|build|out)/, /spring-boot-actuator/(bin|build|out)/, /spring-boot-autoconfigure/(bin|build|out)/]
INFO  20260518 19:44:03.006[restartedMain] [DevToolsPropertyDefaultsPostProcessor:69] - Devtools property defaults active! Set 'spring.devtools.add-properties' to 'false' to disable
INFO  20260518 19:44:03.007[restartedMain] [DevToolsPropertyDefaultsPostProcessor:69] - For additional web related logging consider setting the 'logging.level.web' property to 'DEBUG'
DEBUG 20260518 19:44:03.008[restartedMain] [AnnotationConfigServletWebServerApplicationContext:678] - Refreshing org.springframework.boot.web.server.servlet.context.AnnotationConfigServletWebServerApplicationContext@b3b26d5
DEBUG 20260518 19:44:03.056[restartedMain] [DefaultListableBeanFactory:306] - Creating shared instance of singleton bean 'org.springframework.context.annotation.internalConfigurationAnnotationProcessor'
DEBUG 20260518 19:44:03.095[restartedMain] [DefaultListableBeanFactory:306] - Creating shared instance of singleton bean 'org.springframework.boot.autoconfigure.internalCachingMetadataReaderFactory'
DEBUG 20260518 19:44:03.248[restartedMain] [ClassPathBeanDefinitionScanner:470] - Identified candidate component class: file [C:\develop\KDTgit\codingtest\mydevelop\swimpool\build\classes\java\main\com\mjc813\swimpool\common\CommonExceptionHandler.class]
DEBUG 20260518 19:44:03.261[restartedMain] [ClassPathBeanDefinitionScanner:476] - Ignored because not a concrete top-level class: file [C:\develop\KDTgit\codingtest\mydevelop\swimpool\build\classes\java\main\com\mjc813\swimpool\models\swimpool\SwimpoolRepository.class]
DEBUG 20260518 19:44:03.285[restartedMain] [ClassPathBeanDefinitionScanner:470] - Identified candidate component class: file [C:\develop\KDTgit\codingtest\mydevelop\swimpool\build\classes\java\main\com\mjc813\swimpool\models\swimpool\SwimpoolRestController.class]
DEBUG 20260518 19:44:03.288[restartedMain] [ClassPathBeanDefinitionScanner:470] - Identified candidate component class: file [C:\develop\KDTgit\codingtest\mydevelop\swimpool\build\classes\java\main\com\mjc813\swimpool\models\swimpool\SwimpoolService.class]
DEBUG 20260518 19:44:03.296[restartedMain] [ClassPathBeanDefinitionScanner:476] - Ignored because not a concrete top-level class: file [C:\develop\KDTgit\codingtest\mydevelop\swimpool\build\classes\java\main\com\mjc813\swimpool\models\teacher\TeacherRepository.class]
DEBUG 20260518 19:44:03.298[restartedMain] [ClassPathBeanDefinitionScanner:470] - Identified candidate component class: file [C:\develop\KDTgit\codingtest\mydevelop\swimpool\build\classes\java\main\com\mjc813\swimpool\models\teacher\TeacherRestController.class]
DEBUG 20260518 19:44:03.300[restartedMain] [ClassPathBeanDefinitionScanner:470] - Identified candidate component class: file [C:\develop\KDTgit\codingtest\mydevelop\swimpool\build\classes\java\main\com\mjc813\swimpool\models\teacher\TeacherService.class]
DEBUG 20260518 19:44:03.632[restartedMain] [ClassPathBeanDefinitionScanner:470] - Identified candidate component class: URL [jar:file:/C:/Users/smd08/.gradle/caches/modules-2/files-2.1/one.stayfocused.spring/dotenv-spring-boot/1.0.0/5e4ac283567ffd6dc6b0d0f922a857a8e9953e02/dotenv-spring-boot-1.0.0.jar!/one/stayfocused/spring/dotenv/SpringBootDotenvApplication.class]
DEBUG 20260518 19:44:03.634[restartedMain] [ClassPathBeanDefinitionScanner:470] - Identified candidate component class: URL [jar:file:/C:/Users/smd08/.gradle/caches/modules-2/files-2.1/one.stayfocused.spring/dotenv-spring-boot/1.0.0/5e4ac283567ffd6dc6b0d0f922a857a8e9953e02/dotenv-spring-boot-1.0.0.jar!/one/stayfocused/spring/dotenv/config/DotenvLogger.class]
DEBUG 20260518 19:44:03.636[restartedMain] [ClassPathBeanDefinitionScanner:470] - Identified candidate component class: URL [jar:file:/C:/Users/smd08/.gradle/caches/modules-2/files-2.1/one.stayfocused.spring/dotenv-spring-boot/1.0.0/5e4ac283567ffd6dc6b0d0f922a857a8e9953e02/dotenv-spring-boot-1.0.0.jar!/one/stayfocused/spring/dotenv/core/DefaultEnvLoader.class]
DEBUG 20260518 19:44:03.642[restartedMain] [ClassPathBeanDefinitionScanner:470] - Identified candidate component class: URL [jar:file:/C:/Users/smd08/.gradle/caches/modules-2/files-2.1/one.stayfocused.spring/dotenv-spring-boot/1.0.0/5e4ac283567ffd6dc6b0d0f922a857a8e9953e02/dotenv-spring-boot-1.0.0.jar!/one/stayfocused/spring/dotenv/config/DotenvLogger.class]
DEBUG 20260518 19:44:03.643[restartedMain] [ClassPathBeanDefinitionScanner:470] - Identified candidate component class: URL [jar:file:/C:/Users/smd08/.gradle/caches/modules-2/files-2.1/one.stayfocused.spring/dotenv-spring-boot/1.0.0/5e4ac283567ffd6dc6b0d0f922a857a8e9953e02/dotenv-spring-boot-1.0.0.jar!/one/stayfocused/spring/dotenv/core/DefaultEnvLoader.class]
DEBUG 20260518 19:44:03.682[restartedMain] [ClassPathBeanDefinitionScanner:470] - Identified candidate component class: URL [jar:file:/C:/Users/smd08/.gradle/caches/modules-2/files-2.1/one.stayfocused.spring/dotenv-spring-boot/1.0.0/5e4ac283567ffd6dc6b0d0f922a857a8e9953e02/dotenv-spring-boot-1.0.0.jar!/one/stayfocused/spring/dotenv/SpringBootDotenvApplication.class]
DEBUG 20260518 19:44:03.682[restartedMain] [ClassPathBeanDefinitionScanner:470] - Identified candidate component class: URL [jar:file:/C:/Users/smd08/.gradle/caches/modules-2/files-2.1/one.stayfocused.spring/dotenv-spring-boot/1.0.0/5e4ac283567ffd6dc6b0d0f922a857a8e9953e02/dotenv-spring-boot-1.0.0.jar!/one/stayfocused/spring/dotenv/config/DotenvLogger.class]
DEBUG 20260518 19:44:03.683[restartedMain] [ClassPathBeanDefinitionScanner:470] - Identified candidate component class: URL [jar:file:/C:/Users/smd08/.gradle/caches/modules-2/files-2.1/one.stayfocused.spring/dotenv-spring-boot/1.0.0/5e4ac283567ffd6dc6b0d0f922a857a8e9953e02/dotenv-spring-boot-1.0.0.jar!/one/stayfocused/spring/dotenv/core/DefaultEnvLoader.class]
INFO  20260518 19:44:04.366[restartedMain] [RepositoryConfigurationDelegate:145] - Bootstrapping Spring Data JPA repositories in DEFAULT mode.
DEBUG 20260518 19:44:04.380[restartedMain] [DefaultListableBeanFactory:306] - Creating shared instance of singleton bean 'org.springframework.boot.autoconfigure.AutoConfigurationPackages'
DEBUG 20260518 19:44:04.391[restartedMain] [AutoConfigurationPackages:219] - @EnableAutoConfiguration was declared on a class in the package 'com.mjc813.swimpool'. Automatic @Repository and @Entity scanning is enabled.
DEBUG 20260518 19:44:04.393[restartedMain] [RepositoryConfigurationDelegate:155] - Scanning for JPA repositories in packages com.mjc813.swimpool.
DEBUG 20260518 19:44:04.517[restartedMain] [RepositoryComponentProvider:470] - Identified candidate component class: file [C:\develop\KDTgit\codingtest\mydevelop\swimpool\build\classes\java\main\com\mjc813\swimpool\models\swimpool\SwimpoolRepository.class]
DEBUG 20260518 19:44:04.518[restartedMain] [RepositoryComponentProvider:470] - Identified candidate component class: file [C:\develop\KDTgit\codingtest\mydevelop\swimpool\build\classes\java\main\com\mjc813\swimpool\models\teacher\TeacherRepository.class]
INFO  20260518 19:44:04.583[restartedMain] [RepositoryConfigurationDelegate:213] - Finished Spring Data repository scanning in 187 ms. Found 2 JPA repository interfaces.
DEBUG 20260518 19:44:04.870[restartedMain] [DefaultListableBeanFactory:306] - Creating shared instance of singleton bean 'propertySourcesPlaceholderConfigurer'
DEBUG 20260518 19:44:04.880[restartedMain] [DefaultListableBeanFactory:306] - Creating shared instance of singleton bean 'org.springframework.boot.devtools.autoconfigure.DevToolsDataSourceAutoConfiguration$DatabaseShutdownExecutorEntityManagerFactoryDependsOnPostProcessor'
DEBUG 20260518 19:44:04.881[restartedMain] [DefaultListableBeanFactory:306] - Creating shared instance of singleton bean 'org.springframework.boot.sql.init.dependency.DatabaseInitializationDependencyConfigurer$DependsOnDatabaseInitializationPostProcessor'
DEBUG 20260518 19:44:04.916[restartedMain] [DefaultListableBeanFactory:306] - Creating shared instance of singleton bean 'org.springframework.context.event.internalEventListenerProcessor'
DEBUG 20260518 19:44:04.918[restartedMain] [DefaultListableBeanFactory:306] - Creating shared instance of singleton bean 'bootstrapExecutorAliasPostProcessor'
DEBUG 20260518 19:44:04.920[restartedMain] [DefaultListableBeanFactory:306] - Creating shared instance of singleton bean 'preserveErrorControllerTargetClassPostProcessor'
DEBUG 20260518 19:44:04.921[restartedMain] [DefaultListableBeanFactory:306] - Creating shared instance of singleton bean 'org.springframework.context.event.internalEventListenerFactory'
DEBUG 20260518 19:44:04.922[restartedMain] [DefaultListableBeanFactory:306] - Creating shared instance of singleton bean 'org.springframework.transaction.config.internalTransactionalEventListenerFactory'
DEBUG 20260518 19:44:04.927[restartedMain] [DefaultListableBeanFactory:306] - Creating shared instance of singleton bean 'org.springframework.context.annotation.internalAutowiredAnnotationProcessor'
DEBUG 20260518 19:44:04.929[restartedMain] [DefaultListableBeanFactory:306] - Creating shared instance of singleton bean 'org.springframework.context.annotation.internalCommonAnnotationProcessor'
DEBUG 20260518 19:44:04.935[restartedMain] [DefaultListableBeanFactory:306] - Creating shared instance of singleton bean 'org.springframework.context.annotation.internalPersistenceAnnotationProcessor'
DEBUG 20260518 19:44:04.936[restartedMain] [DefaultListableBeanFactory:306] - Creating shared instance of singleton bean 'org.springframework.boot.context.properties.ConfigurationPropertiesBindingPostProcessor'
DEBUG 20260518 19:44:04.937[restartedMain] [DefaultListableBeanFactory:306] - Creating shared instance of singleton bean 'org.springframework.boot.context.internalConfigurationPropertiesBinder'
DEBUG 20260518 19:44:04.941[restartedMain] [DefaultListableBeanFactory:306] - Creating shared instance of singleton bean 'jdbcConnectionDetailsHikariBeanPostProcessor'
DEBUG 20260518 19:44:04.947[restartedMain] [DefaultListableBeanFactory:306] - Creating shared instance of singleton bean 'org.springframework.aop.config.internalAutoProxyCreator'
DEBUG 20260518 19:44:04.969[restartedMain] [DefaultListableBeanFactory:306] - Creating shared instance of singleton bean 'org.springframework.aop.framework.autoproxy.defaultProxyConfig'
DEBUG 20260518 19:44:04.986[restartedMain] [DefaultListableBeanFactory:306] - Creating shared instance of singleton bean 'persistenceExceptionTranslationPostProcessor'
DEBUG 20260518 19:44:04.989[restartedMain] [DefaultListableBeanFactory:953] - Autowiring by type from bean name 'persistenceExceptionTranslationPostProcessor' via factory method to bean named 'environment'
DEBUG 20260518 19:44:04.995[restartedMain] [DefaultListableBeanFactory:306] - Creating shared instance of singleton bean 'projectingArgumentResolverBeanPostProcessor'
DEBUG 20260518 19:44:04.998[restartedMain] [DefaultListableBeanFactory:306] - Creating shared instance of singleton bean 'org.springframework.transaction.config.internalTransactionAdvisor'
DEBUG 20260518 19:44:04.998[restartedMain] [DefaultListableBeanFactory:306] - Creating shared instance of singleton bean 'org.springframework.transaction.annotation.ProxyTransactionManagementConfiguration'
DEBUG 20260518 19:44:05.047[restartedMain] [DefaultListableBeanFactory:306] - Creating shared instance of singleton bean 'transactionAttributeSource'
DEBUG 20260518 19:44:05.057[restartedMain] [DefaultListableBeanFactory:306] - Creating shared instance of singleton bean 'transactionInterceptor'
DEBUG 20260518 19:44:05.058[restartedMain] [DefaultListableBeanFactory:953] - Autowiring by type from bean name 'transactionInterceptor' via factory method to bean named 'transactionAttributeSource'
DEBUG 20260518 19:44:05.068[restartedMain] [DefaultListableBeanFactory:953] - Autowiring by type from bean name 'org.springframework.transaction.config.internalTransactionAdvisor' via factory method to bean named 'transactionAttributeSource'
DEBUG 20260518 19:44:05.068[restartedMain] [DefaultListableBeanFactory:953] - Autowiring by type from bean name 'org.springframework.transaction.config.internalTransactionAdvisor' via factory method to bean named 'transactionInterceptor'
DEBUG 20260518 19:44:05.124[restartedMain] [DefaultListableBeanFactory:306] - Creating shared instance of singleton bean 'webServerFactoryCustomizerBeanPostProcessor'
DEBUG 20260518 19:44:05.125[restartedMain] [DefaultListableBeanFactory:306] - Creating shared instance of singleton bean 'errorPageRegistrarBeanPostProcessor'
DEBUG 20260518 19:44:05.131[restartedMain] [DefaultListableBeanFactory:306] - Creating shared instance of singleton bean 'tomcatServletWebServerFactory'
DEBUG 20260518 19:44:05.131[restartedMain] [DefaultListableBeanFactory:306] - Creating shared instance of singleton bean 'org.springframework.boot.tomcat.autoconfigure.servlet.TomcatServletWebServerAutoConfiguration'
DEBUG 20260518 19:44:05.133[restartedMain] [DefaultListableBeanFactory:306] - Creating shared instance of singleton bean 'server.tomcat-org.springframework.boot.tomcat.autoconfigure.TomcatServerProperties'
DEBUG 20260518 19:44:05.139[restartedMain] [DefaultListableBeanFactory:306] - Creating shared instance of singleton bean 'org.springframework.boot.context.properties.BoundConfigurationProperties'
DEBUG 20260518 19:44:05.150[restartedMain] [DefaultListableBeanFactory:306] - Creating shared instance of singleton bean 'stringOrNumberMigrationVersionConverter'
DEBUG 20260518 19:44:05.168[restartedMain] [DefaultListableBeanFactory:953] - Autowiring by type from bean name 'org.springframework.boot.tomcat.autoconfigure.servlet.TomcatServletWebServerAutoConfiguration' via constructor to bean named 'server.tomcat-org.springframework.boot.tomcat.autoconfigure.TomcatServerProperties'
DEBUG 20260518 19:44:05.243[restartedMain] [DefaultListableBeanFactory:306] - Creating shared instance of singleton bean 'servletWebServerFactoryCustomizer'
DEBUG 20260518 19:44:05.243[restartedMain] [DefaultListableBeanFactory:306] - Creating shared instance of singleton bean 'org.springframework.boot.web.server.autoconfigure.servlet.ServletWebServerConfiguration'
DEBUG 20260518 19:44:05.245[restartedMain] [DefaultListableBeanFactory:306] - Creating shared instance of singleton bean 'server-org.springframework.boot.web.server.autoconfigure.ServerProperties'
DEBUG 20260518 19:44:05.280[restartedMain] [DefaultListableBeanFactory:953] - Autowiring by type from bean name 'servletWebServerFactoryCustomizer' via factory method to bean named 'server-org.springframework.boot.web.server.autoconfigure.ServerProperties'
DEBUG 20260518 19:44:05.287[restartedMain] [DefaultListableBeanFactory:306] - Creating shared instance of singleton bean 'sslBundleRegistry'
DEBUG 20260518 19:44:05.287[restartedMain] [DefaultListableBeanFactory:306] - Creating shared instance of singleton bean 'org.springframework.boot.autoconfigure.ssl.SslAutoConfiguration'
DEBUG 20260518 19:44:05.288[restartedMain] [DefaultListableBeanFactory:306] - Creating shared instance of singleton bean 'spring.ssl-org.springframework.boot.autoconfigure.ssl.SslProperties'
DEBUG 20260518 19:44:05.296[restartedMain] [DefaultListableBeanFactory:953] - Autowiring by type from bean name 'org.springframework.boot.autoconfigure.ssl.SslAutoConfiguration' via constructor to bean named 'org.springframework.boot.web.server.servlet.context.AnnotationConfigServletWebServerApplicationContext@b3b26d5'
DEBUG 20260518 19:44:05.296[restartedMain] [DefaultListableBeanFactory:953] - Autowiring by type from bean name 'org.springframework.boot.autoconfigure.ssl.SslAutoConfiguration' via constructor to bean named 'spring.ssl-org.springframework.boot.autoconfigure.ssl.SslProperties'
DEBUG 20260518 19:44:05.305[restartedMain] [DefaultListableBeanFactory:306] - Creating shared instance of singleton bean 'sslPropertiesSslBundleRegistrar'
DEBUG 20260518 19:44:05.306[restartedMain] [DefaultListableBeanFactory:306] - Creating shared instance of singleton bean 'fileWatcher'
DEBUG 20260518 19:44:05.309[restartedMain] [DefaultListableBeanFactory:953] - Autowiring by type from bean name 'sslPropertiesSslBundleRegistrar' via factory method to bean named 'fileWatcher'
DEBUG 20260518 19:44:05.331[restartedMain] [DefaultListableBeanFactory:306] - Creating shared instance of singleton bean 'webSocketWebServerCustomizer'
DEBUG 20260518 19:44:05.332[restartedMain] [DefaultListableBeanFactory:306] - Creating shared instance of singleton bean 'org.springframework.boot.tomcat.autoconfigure.TomcatWebServerConfiguration$TomcatWebSocketConfiguration'
DEBUG 20260518 19:44:05.334[restartedMain] [DefaultListableBeanFactory:306] - Creating shared instance of singleton bean 'tomcatWebServerFactoryCustomizer'
DEBUG 20260518 19:44:05.335[restartedMain] [DefaultListableBeanFactory:306] - Creating shared instance of singleton bean 'org.springframework.boot.tomcat.autoconfigure.TomcatWebServerConfiguration'
DEBUG 20260518 19:44:05.337[restartedMain] [DefaultListableBeanFactory:306] - Creating shared instance of singleton bean 'spring.web-org.springframework.boot.autoconfigure.web.WebProperties'
DEBUG 20260518 19:44:05.369[restartedMain] [DefaultListableBeanFactory:953] - Autowiring by type from bean name 'tomcatWebServerFactoryCustomizer' via factory method to bean named 'environment'
DEBUG 20260518 19:44:05.369[restartedMain] [DefaultListableBeanFactory:953] - Autowiring by type from bean name 'tomcatWebServerFactoryCustomizer' via factory method to bean named 'server-org.springframework.boot.web.server.autoconfigure.ServerProperties'
DEBUG 20260518 19:44:05.369[restartedMain] [DefaultListableBeanFactory:953] - Autowiring by type from bean name 'tomcatWebServerFactoryCustomizer' via factory method to bean named 'server.tomcat-org.springframework.boot.tomcat.autoconfigure.TomcatServerProperties'
DEBUG 20260518 19:44:05.369[restartedMain] [DefaultListableBeanFactory:953] - Autowiring by type from bean name 'tomcatWebServerFactoryCustomizer' via factory method to bean named 'spring.web-org.springframework.boot.autoconfigure.web.WebProperties'
DEBUG 20260518 19:44:05.374[restartedMain] [DefaultListableBeanFactory:306] - Creating shared instance of singleton bean 'tomcatServletWebServerFactoryCustomizer'
DEBUG 20260518 19:44:05.375[restartedMain] [DefaultListableBeanFactory:953] - Autowiring by type from bean name 'tomcatServletWebServerFactoryCustomizer' via factory method to bean named 'server.tomcat-org.springframework.boot.tomcat.autoconfigure.TomcatServerProperties'
DEBUG 20260518 19:44:05.442[restartedMain] [DefaultListableBeanFactory:306] - Creating shared instance of singleton bean 'errorPageCustomizer'
DEBUG 20260518 19:44:05.443[restartedMain] [DefaultListableBeanFactory:306] - Creating shared instance of singleton bean 'org.springframework.boot.webmvc.autoconfigure.error.ErrorMvcAutoConfiguration'
DEBUG 20260518 19:44:05.443[restartedMain] [DefaultListableBeanFactory:953] - Autowiring by type from bean name 'org.springframework.boot.webmvc.autoconfigure.error.ErrorMvcAutoConfiguration' via constructor to bean named 'spring.web-org.springframework.boot.autoconfigure.web.WebProperties'
DEBUG 20260518 19:44:05.445[restartedMain] [DefaultListableBeanFactory:306] - Creating shared instance of singleton bean 'dispatcherServletRegistration'
DEBUG 20260518 19:44:05.445[restartedMain] [DefaultListableBeanFactory:306] - Creating shared instance of singleton bean 'org.springframework.boot.webmvc.autoconfigure.DispatcherServletAutoConfiguration$DispatcherServletRegistrationConfiguration'
DEBUG 20260518 19:44:05.446[restartedMain] [DefaultListableBeanFactory:306] - Creating shared instance of singleton bean 'dispatcherServlet'
DEBUG 20260518 19:44:05.446[restartedMain] [DefaultListableBeanFactory:306] - Creating shared instance of singleton bean 'org.springframework.boot.webmvc.autoconfigure.DispatcherServletAutoConfiguration$DispatcherServletConfiguration'
DEBUG 20260518 19:44:05.447[restartedMain] [DefaultListableBeanFactory:306] - Creating shared instance of singleton bean 'spring.mvc-org.springframework.boot.webmvc.autoconfigure.WebMvcProperties'
DEBUG 20260518 19:44:05.460[restartedMain] [DefaultListableBeanFactory:953] - Autowiring by type from bean name 'dispatcherServlet' via factory method to bean named 'spring.mvc-org.springframework.boot.webmvc.autoconfigure.WebMvcProperties'
DEBUG 20260518 19:44:05.482[restartedMain] [DefaultListableBeanFactory:953] - Autowiring by type from bean name 'dispatcherServletRegistration' via factory method to bean named 'dispatcherServlet'
DEBUG 20260518 19:44:05.482[restartedMain] [DefaultListableBeanFactory:953] - Autowiring by type from bean name 'dispatcherServletRegistration' via factory method to bean named 'spring.mvc-org.springframework.boot.webmvc.autoconfigure.WebMvcProperties'
DEBUG 20260518 19:44:05.486[restartedMain] [DefaultListableBeanFactory:306] - Creating shared instance of singleton bean 'multipartConfigElement'
DEBUG 20260518 19:44:05.486[restartedMain] [DefaultListableBeanFactory:306] - Creating shared instance of singleton bean 'org.springframework.boot.servlet.autoconfigure.MultipartAutoConfiguration'
DEBUG 20260518 19:44:05.487[restartedMain] [DefaultListableBeanFactory:306] - Creating shared instance of singleton bean 'spring.servlet.multipart-org.springframework.boot.servlet.autoconfigure.MultipartProperties'
DEBUG 20260518 19:44:05.492[restartedMain] [DefaultListableBeanFactory:953] - Autowiring by type from bean name 'org.springframework.boot.servlet.autoconfigure.MultipartAutoConfiguration' via constructor to bean named 'spring.servlet.multipart-org.springframework.boot.servlet.autoconfigure.MultipartProperties'
DEBUG 20260518 19:44:05.497[restartedMain] [DefaultListableBeanFactory:953] - Autowiring by type from bean name 'errorPageCustomizer' via factory method to bean named 'dispatcherServletRegistration'
DEBUG 20260518 19:44:05.651[restartedMain] [TomcatServletWebServerFactory:82] - Code archive: C:\Users\smd08\.gradle\caches\modules-2\files-2.1\org.springframework.boot\spring-boot-web-server\4.0.6\8a087bc97418b3082fe402b3241260180fa7133e\spring-boot-web-server-4.0.6.jar
DEBUG 20260518 19:44:05.652[restartedMain] [TomcatServletWebServerFactory:126] - Code archive: C:\Users\smd08\.gradle\caches\modules-2\files-2.1\org.springframework.boot\spring-boot-web-server\4.0.6\8a087bc97418b3082fe402b3241260180fa7133e\spring-boot-web-server-4.0.6.jar
DEBUG 20260518 19:44:05.652[restartedMain] [TomcatServletWebServerFactory:150] - None of the document roots [src/main/webapp, public, static] point to a directory and will be ignored.
INFO  20260518 19:44:05.755[restartedMain] [TomcatWebServer:114] - Tomcat initialized with port 8080 (http)
INFO  20260518 19:44:05.781[restartedMain] [Http11NioProtocol:168] - Initializing ProtocolHandler ["http-nio-8080"]
INFO  20260518 19:44:05.785[restartedMain] [StandardService:168] - Starting service [Tomcat]
INFO  20260518 19:44:05.785[restartedMain] [StandardEngine:168] - Starting Servlet engine: [Apache Tomcat/11.0.21]
DEBUG 20260518 19:44:05.930[restartedMain] [WebApplicationContextInitializer:71] - Published root WebApplicationContext as ServletContext attribute with name [org.springframework.web.context.WebApplicationContext.ROOT]
INFO  20260518 19:44:05.931[restartedMain] [WebApplicationContextInitializer:77] - Root WebApplicationContext: initialization completed in 2922 ms
DEBUG 20260518 19:44:05.942[restartedMain] [DefaultListableBeanFactory:306] - Creating shared instance of singleton bean 'requestContextFilter'
DEBUG 20260518 19:44:05.946[restartedMain] [DefaultListableBeanFactory:306] - Creating shared instance of singleton bean 'formContentFilter'
DEBUG 20260518 19:44:05.947[restartedMain] [DefaultListableBeanFactory:306] - Creating shared instance of singleton bean 'org.springframework.boot.webmvc.autoconfigure.WebMvcAutoConfiguration'
DEBUG 20260518 19:44:05.950[restartedMain] [DefaultListableBeanFactory:306] - Creating shared instance of singleton bean 'characterEncodingFilter'
DEBUG 20260518 19:44:05.951[restartedMain] [DefaultListableBeanFactory:306] - Creating shared instance of singleton bean 'org.springframework.boot.servlet.autoconfigure.HttpEncodingAutoConfiguration'
DEBUG 20260518 19:44:05.952[restartedMain] [DefaultListableBeanFactory:306] - Creating shared instance of singleton bean 'spring.servlet.encoding-org.springframework.boot.servlet.autoconfigure.ServletEncodingProperties'
DEBUG 20260518 19:44:05.953[restartedMain] [DefaultListableBeanFactory:953] - Autowiring by type from bean name 'characterEncodingFilter' via factory method to bean named 'spring.servlet.encoding-org.springframework.boot.servlet.autoconfigure.ServletEncodingProperties'
DEBUG 20260518 19:44:05.966[restartedMain] [ServletContextInitializerBeans:255] - Mapping filters: characterEncodingFilter urls=[/*] order=-2147483648, formContentFilter urls=[/*] order=-9900, requestContextFilter urls=[/*] order=-105
DEBUG 20260518 19:44:05.967[restartedMain] [ServletContextInitializerBeans:255] - Mapping servlets: dispatcherServlet urls=[/]
DEBUG 20260518 19:44:06.034[restartedMain] [OrderedRequestContextFilter:236] - Filter 'requestContextFilter' configured for use
DEBUG 20260518 19:44:06.037[restartedMain] [OrderedCharacterEncodingFilter:236] - Filter 'characterEncodingFilter' configured for use
DEBUG 20260518 19:44:06.037[restartedMain] [OrderedFormContentFilter:236] - Filter 'formContentFilter' configured for use
DEBUG 20260518 19:44:06.059[restartedMain] [DefaultListableBeanFactory:306] - Creating shared instance of singleton bean 'applicationTaskExecutor'
DEBUG 20260518 19:44:06.059[restartedMain] [DefaultListableBeanFactory:306] - Creating shared instance of singleton bean 'org.springframework.boot.autoconfigure.task.TaskExecutorConfigurations$TaskExecutorConfiguration'
DEBUG 20260518 19:44:06.060[restartedMain] [DefaultListableBeanFactory:306] - Creating shared instance of singleton bean 'threadPoolTaskExecutorBuilder'
DEBUG 20260518 19:44:06.060[restartedMain] [DefaultListableBeanFactory:306] - Creating shared instance of singleton bean 'org.springframework.boot.autoconfigure.task.TaskExecutorConfigurations$ThreadPoolTaskExecutorBuilderConfiguration'
DEBUG 20260518 19:44:06.062[restartedMain] [DefaultListableBeanFactory:306] - Creating shared instance of singleton bean 'spring.task.execution-org.springframework.boot.autoconfigure.task.TaskExecutionProperties'
DEBUG 20260518 19:44:06.067[restartedMain] [DefaultListableBeanFactory:953] - Autowiring by type from bean name 'threadPoolTaskExecutorBuilder' via factory method to bean named 'spring.task.execution-org.springframework.boot.autoconfigure.task.TaskExecutionProperties'
DEBUG 20260518 19:44:06.070[restartedMain] [DefaultListableBeanFactory:953] - Autowiring by type from bean name 'applicationTaskExecutor' via factory method to bean named 'threadPoolTaskExecutorBuilder'
DEBUG 20260518 19:44:06.079[restartedMain] [ThreadPoolTaskExecutor:300] - Initializing ExecutorService 'applicationTaskExecutor'
DEBUG 20260518 19:44:06.082[restartedMain] [DefaultListableBeanFactory:306] - Creating shared instance of singleton bean 'inMemoryDatabaseShutdownExecutor'
DEBUG 20260518 19:44:06.083[restartedMain] [DefaultListableBeanFactory:306] - Creating shared instance of singleton bean 'org.springframework.boot.devtools.autoconfigure.DevToolsDataSourceAutoConfiguration'
DEBUG 20260518 19:44:06.084[restartedMain] [DefaultListableBeanFactory:306] - Creating shared instance of singleton bean 'dataSource'
DEBUG 20260518 19:44:06.084[restartedMain] [DefaultListableBeanFactory:306] - Creating shared instance of singleton bean 'org.springframework.boot.jdbc.autoconfigure.DataSourceConfiguration$Hikari'
DEBUG 20260518 19:44:06.085[restartedMain] [DefaultListableBeanFactory:306] - Creating shared instance of singleton bean 'spring.datasource-org.springframework.boot.jdbc.autoconfigure.DataSourceProperties'
DEBUG 20260518 19:44:06.095[restartedMain] [DefaultListableBeanFactory:306] - Creating shared instance of singleton bean 'jdbcConnectionDetails'
DEBUG 20260518 19:44:06.096[restartedMain] [DefaultListableBeanFactory:306] - Creating shared instance of singleton bean 'org.springframework.boot.jdbc.autoconfigure.DataSourceAutoConfiguration$PooledDataSourceConfiguration'
DEBUG 20260518 19:44:06.098[restartedMain] [DefaultListableBeanFactory:953] - Autowiring by type from bean name 'jdbcConnectionDetails' via factory method to bean named 'spring.datasource-org.springframework.boot.jdbc.autoconfigure.DataSourceProperties'
DEBUG 20260518 19:44:06.099[restartedMain] [DefaultListableBeanFactory:953] - Autowiring by type from bean name 'dataSource' via factory method to bean named 'spring.datasource-org.springframework.boot.jdbc.autoconfigure.DataSourceProperties'
DEBUG 20260518 19:44:06.099[restartedMain] [DefaultListableBeanFactory:953] - Autowiring by type from bean name 'dataSource' via factory method to bean named 'jdbcConnectionDetails'
DEBUG 20260518 19:44:06.099[restartedMain] [DefaultListableBeanFactory:953] - Autowiring by type from bean name 'dataSource' via factory method to bean named 'environment'
WARN  20260518 19:44:06.105[restartedMain] [AnnotationConfigServletWebServerApplicationContext:629] - Exception encountered during context initialization - cancelling refresh attempt: org.springframework.beans.factory.BeanCreationException: Error creating bean with name 'entityManagerFactory' defined in class path resource [org/springframework/boot/hibernate/autoconfigure/HibernateJpaConfiguration.class]: Failed to initialize dependency 'inMemoryDatabaseShutdownExecutor' of LoadTimeWeaverAware bean 'entityManagerFactory': Error creating bean with name 'inMemoryDatabaseShutdownExecutor' defined in class path resource [org/springframework/boot/devtools/autoconfigure/DevToolsDataSourceAutoConfiguration.class]: Unsatisfied dependency expressed through method 'inMemoryDatabaseShutdownExecutor' parameter 0: Error creating bean with name 'dataSource' defined in class path resource [org/springframework/boot/jdbc/autoconfigure/DataSourceConfiguration$Hikari.class]: Failed to instantiate [com.zaxxer.hikari.HikariDataSource]: Factory method 'dataSource' threw exception with message: Failed to determine a suitable driver class
DEBUG 20260518 19:44:06.106[restartedMain] [ThreadPoolTaskExecutor:366] - Shutting down ExecutorService 'applicationTaskExecutor'
INFO  20260518 19:44:06.112[restartedMain] [StandardService:168] - Stopping service [Tomcat]
DEBUG 20260518 19:44:06.141[restartedMain] [debug:372] - log4jdbc-logj2 properties initialization...
DEBUG 20260518 19:44:06.143[restartedMain] [debug:372] - Using logger: null
DEBUG 20260518 19:44:06.144[restartedMain] [debug:372] - x log4jdbc.debug.stack.prefix is not defined
DEBUG 20260518 19:44:06.144[restartedMain] [debug:372] - x log4jdbc.sqltiming.warn.threshold is not defined
DEBUG 20260518 19:44:06.144[restartedMain] [debug:372] - x log4jdbc.sqltiming.error.threshold is not defined
DEBUG 20260518 19:44:06.144[restartedMain] [debug:372] - x log4jdbc.dump.booleanastruefalse is not defined (using default value false)
DEBUG 20260518 19:44:06.145[restartedMain] [debug:372] - x log4jdbc.dump.sql.maxlinelength is not defined (using default of 90)
DEBUG 20260518 19:44:06.145[restartedMain] [debug:372] - x log4jdbc.dump.fulldebugstacktrace is not defined (using default value false)
DEBUG 20260518 19:44:06.145[restartedMain] [debug:372] - x log4jdbc.statement.warn is not defined (using default value false)
DEBUG 20260518 19:44:06.145[restartedMain] [debug:372] - x log4jdbc.dump.sql.select is not defined (using default value true)
DEBUG 20260518 19:44:06.145[restartedMain] [debug:372] - x log4jdbc.dump.sql.insert is not defined (using default value true)
DEBUG 20260518 19:44:06.145[restartedMain] [debug:372] - x log4jdbc.dump.sql.update is not defined (using default value true)
DEBUG 20260518 19:44:06.146[restartedMain] [debug:372] - x log4jdbc.dump.sql.delete is not defined (using default value true)
DEBUG 20260518 19:44:06.146[restartedMain] [debug:372] - x log4jdbc.dump.sql.create is not defined (using default value true)
DEBUG 20260518 19:44:06.146[restartedMain] [debug:372] - x log4jdbc.dump.sql.addsemicolon is not defined (using default value false)
DEBUG 20260518 19:44:06.146[restartedMain] [debug:372] - x log4jdbc.auto.load.popular.drivers is not defined (using default value true)
DEBUG 20260518 19:44:06.146[restartedMain] [debug:372] - x log4jdbc.drivers is not defined
DEBUG 20260518 19:44:06.147[restartedMain] [debug:372] - x log4jdbc.trim.sql is not defined (using default value true)
DEBUG 20260518 19:44:06.147[restartedMain] [debug:372] - x log4jdbc.trim.sql.extrablanklines is not defined (using default value true)
DEBUG 20260518 19:44:06.147[restartedMain] [debug:372] - x log4jdbc.suppress.generated.keys.exception is not defined (using default value false)
DEBUG 20260518 19:44:06.147[restartedMain] [debug:372] - log4jdbc-logj2 properties initialization done.
DEBUG 20260518 19:44:06.147[restartedMain] [debug:372] - DriverSpy intialization...
DEBUG 20260518 19:44:06.162[restartedMain] [debug:372] -   FOUND DRIVER com.mysql.jdbc.Driver
DEBUG 20260518 19:44:06.168[restartedMain] [debug:372] - DriverSpy intialization done.
DEBUG 20260518 19:44:06.183[restartedMain] [Restarter:69] - Creating new Restarter for thread Thread[#1,main,5,main]
DEBUG 20260518 19:44:06.183[restartedMain] [Restarter:69] - Immediately restarting application
DEBUG 20260518 19:44:06.183[restartedMain] [Restarter:69] - Starting application com.mjc813.swimpool.SwimpoolApplication with URLs [file:/C:/develop/KDTgit/codingtest/mydevelop/swimpool/build/classes/java/main/, file:/C:/develop/KDTgit/codingtest/mydevelop/swimpool/build/resources/main/]
DEBUG 20260518 19:44:06.197[restartedMain] [ConditionEvaluationReportLogger:72] - 


============================
CONDITIONS EVALUATION REPORT
============================


Positive matches:
-----------------

   AopAutoConfiguration matched:
      - @ConditionalOnBooleanProperty (spring.aop.auto=true) matched (OnPropertyCondition)

   AopAutoConfiguration.AspectJAutoProxyingConfiguration matched:
      - @ConditionalOnClass found required class 'org.aspectj.weaver.Advice' (OnClassCondition)

   AopAutoConfiguration.AspectJAutoProxyingConfiguration.CglibAutoProxyConfiguration matched:
      - @ConditionalOnBooleanProperty (spring.aop.proxy-target-class=true) matched (OnPropertyCondition)

   ApplicationAvailabilityAutoConfiguration#applicationAvailability matched:
      - @ConditionalOnMissingBean (types: org.springframework.boot.availability.ApplicationAvailability; SearchStrategy: all) did not find any beans (OnBeanCondition)

   DataJpaRepositoriesAutoConfiguration matched:
      - @ConditionalOnClass found required class 'org.springframework.data.jpa.repository.JpaRepository' (OnClassCondition)
      - @ConditionalOnBooleanProperty (spring.data.jpa.repositories.enabled=true) matched (OnPropertyCondition)
      - @ConditionalOnBean (types: javax.sql.DataSource; SearchStrategy: all) found bean 'dataSource'; @ConditionalOnMissingBean (types: org.springframework.data.jpa.repository.support.JpaRepositoryFactoryBean,org.springframework.data.jpa.repository.config.JpaRepositoryConfigExtension; SearchStrategy: all) did not find any beans (OnBeanCondition)

   DataSourceAutoConfiguration matched:
      - @ConditionalOnClass found required classes 'javax.sql.DataSource', 'org.springframework.jdbc.datasource.embedded.EmbeddedDatabaseType' (OnClassCondition)
      - @ConditionalOnMissingBean (types: io.r2dbc.spi.ConnectionFactory; SearchStrategy: all) did not find any beans (OnBeanCondition)

   DataSourceAutoConfiguration.PooledDataSourceConfiguration matched:
      - AnyNestedCondition 1 matched 1 did not; NestedCondition on DataSourceAutoConfiguration.PooledDataSourceCondition.PooledDataSourceAvailable PooledDataSource found supported DataSource; NestedCondition on DataSourceAutoConfiguration.PooledDataSourceCondition.ExplicitType @ConditionalOnProperty (spring.datasource.type) did not find property 'spring.datasource.type' (DataSourceAutoConfiguration.PooledDataSourceCondition)
      - @ConditionalOnMissingBean (types: javax.sql.DataSource,javax.sql.XADataSource; SearchStrategy: all) did not find any beans (OnBeanCondition)

   DataSourceAutoConfiguration.PooledDataSourceConfiguration#jdbcConnectionDetails matched:
      - @ConditionalOnMissingBean (types: org.springframework.boot.jdbc.autoconfigure.JdbcConnectionDetails; SearchStrategy: all) did not find any beans (OnBeanCondition)

   DataSourceConfiguration.Hikari matched:
      - @ConditionalOnClass found required class 'com.zaxxer.hikari.HikariDataSource' (OnClassCondition)
      - @ConditionalOnProperty (spring.datasource.type=com.zaxxer.hikari.HikariDataSource) matched (OnPropertyCondition)
      - @ConditionalOnMissingBean (types: javax.sql.DataSource; SearchStrategy: all) did not find any beans (OnBeanCondition)

   DataSourceInitializationAutoConfiguration matched:
      - @ConditionalOnClass found required class 'org.springframework.jdbc.datasource.init.DatabasePopulator' (OnClassCondition)
      - SQL InitializationDatabase Initialization default value is EMBEDDED (OnSqlInitializationCondition)
      - @ConditionalOnSingleCandidate (types: javax.sql.DataSource; SearchStrategy: all) found a single bean 'dataSource'; @ConditionalOnMissingBean (types: org.springframework.boot.sql.autoconfigure.init.ApplicationScriptDatabaseInitializer; SearchStrategy: all) did not find any beans (OnBeanCondition)

   DataSourceJmxConfiguration matched:
      - @ConditionalOnBooleanProperty (spring.jmx.enabled=true) matched (OnPropertyCondition)

   DataSourceJmxConfiguration.Hikari matched:
      - @ConditionalOnClass found required class 'com.zaxxer.hikari.HikariDataSource' (OnClassCondition)
      - @ConditionalOnSingleCandidate (types: javax.sql.DataSource; SearchStrategy: all) found a single bean 'dataSource' (OnBeanCondition)

   DataSourcePoolMetadataProvidersConfiguration.HikariPoolDataSourceMetadataProviderConfiguration matched:
      - @ConditionalOnClass found required class 'com.zaxxer.hikari.HikariDataSource' (OnClassCondition)

   DataSourceTransactionManagerAutoConfiguration matched:
      - @ConditionalOnClass found required classes 'javax.sql.DataSource', 'org.springframework.jdbc.core.JdbcTemplate', 'org.springframework.transaction.TransactionManager' (OnClassCondition)

   DataSourceTransactionManagerAutoConfiguration.JdbcTransactionManagerConfiguration matched:
      - @ConditionalOnSingleCandidate (types: javax.sql.DataSource; SearchStrategy: all) found a single bean 'dataSource' (OnBeanCondition)

   DataWebAutoConfiguration matched:
      - @ConditionalOnClass found required classes 'org.springframework.data.web.PageableHandlerMethodArgumentResolver', 'org.springframework.web.servlet.config.annotation.WebMvcConfigurer' (OnClassCondition)
      - found 'session' scope (OnWebApplicationCondition)
      - @ConditionalOnMissingBean (types: org.springframework.data.web.PageableHandlerMethodArgumentResolver; SearchStrategy: all) did not find any beans (OnBeanCondition)

   DataWebAutoConfiguration#pageableCustomizer matched:
      - @ConditionalOnMissingBean (types: org.springframework.data.web.config.PageableHandlerMethodArgumentResolverCustomizer; SearchStrategy: all) did not find any beans (OnBeanCondition)

   DataWebAutoConfiguration#sortCustomizer matched:
      - @ConditionalOnMissingBean (types: org.springframework.data.web.config.SortHandlerMethodArgumentResolverCustomizer; SearchStrategy: all) did not find any beans (OnBeanCondition)

   DataWebAutoConfiguration#springDataWebSettings matched:
      - @ConditionalOnMissingBean (types: org.springframework.data.web.config.SpringDataWebSettings; SearchStrategy: all) did not find any beans (OnBeanCondition)

   DevToolsDataSourceAutoConfiguration matched:
      - @ConditionalOnClass found required class 'javax.sql.DataSource' (OnClassCondition)
      - Devtools devtools enabled. (OnEnabledDevToolsCondition)
      - DevTools DataSource Condition found auto-configured DataSource (DevToolsDataSourceAutoConfiguration.DevToolsDataSourceCondition)

   DevToolsDataSourceAutoConfiguration.DatabaseShutdownExecutorEntityManagerFactoryDependsOnConfiguration matched:
      - @ConditionalOnClass found required classes 'org.springframework.boot.jpa.autoconfigure.EntityManagerFactoryDependsOnPostProcessor', 'org.springframework.orm.jpa.LocalContainerEntityManagerFactoryBean' (OnClassCondition)
      - @ConditionalOnBean (types: org.springframework.orm.jpa.AbstractEntityManagerFactoryBean; SearchStrategy: all) found bean '&entityManagerFactory' (OnBeanCondition)

   DispatcherServletAutoConfiguration matched:
      - @ConditionalOnClass found required class 'org.springframework.web.servlet.DispatcherServlet' (OnClassCondition)
      - found 'session' scope (OnWebApplicationCondition)

   DispatcherServletAutoConfiguration.DispatcherServletConfiguration matched:
      - @ConditionalOnClass found required class 'jakarta.servlet.ServletRegistration' (OnClassCondition)
      - Default DispatcherServlet did not find dispatcher servlet beans (DispatcherServletAutoConfiguration.DefaultDispatcherServletCondition)

   DispatcherServletAutoConfiguration.DispatcherServletRegistrationConfiguration matched:
      - @ConditionalOnClass found required class 'jakarta.servlet.ServletRegistration' (OnClassCondition)
      - DispatcherServlet Registration did not find servlet registration bean (DispatcherServletAutoConfiguration.DispatcherServletRegistrationCondition)

   DispatcherServletAutoConfiguration.DispatcherServletRegistrationConfiguration#dispatcherServletRegistration matched:
      - @ConditionalOnBean (names: dispatcherServlet types: org.springframework.web.servlet.DispatcherServlet; SearchStrategy: all) found bean 'dispatcherServlet' (OnBeanCondition)

   ErrorMvcAutoConfiguration matched:
      - @ConditionalOnClass found required classes 'jakarta.servlet.Servlet', 'org.springframework.web.servlet.DispatcherServlet' (OnClassCondition)
      - found 'session' scope (OnWebApplicationCondition)

   ErrorMvcAutoConfiguration#basicErrorController matched:
      - @ConditionalOnMissingBean (types: org.springframework.boot.webmvc.error.ErrorController; SearchStrategy: current) did not find any beans (OnBeanCondition)

   ErrorMvcAutoConfiguration#errorAttributes matched:
      - @ConditionalOnMissingBean (types: org.springframework.boot.webmvc.error.ErrorAttributes; SearchStrategy: current) did not find any beans (OnBeanCondition)

   ErrorMvcAutoConfiguration.DefaultErrorViewResolverConfiguration#conventionErrorViewResolver matched:
      - @ConditionalOnBean (types: org.springframework.web.servlet.DispatcherServlet; SearchStrategy: all) found bean 'dispatcherServlet'; @ConditionalOnMissingBean (types: org.springframework.boot.webmvc.autoconfigure.error.ErrorViewResolver; SearchStrategy: all) did not find any beans (OnBeanCondition)

   ErrorMvcAutoConfiguration.WhitelabelErrorViewConfiguration matched:
      - @ConditionalOnBooleanProperty (spring.web.error.whitelabel.enabled=true) matched (OnPropertyCondition)
      - ErrorTemplate Missing did not find error template view (ErrorMvcAutoConfiguration.ErrorTemplateMissingCondition)

   ErrorMvcAutoConfiguration.WhitelabelErrorViewConfiguration#beanNameViewResolver matched:
      - @ConditionalOnMissingBean (types: org.springframework.web.servlet.view.BeanNameViewResolver; SearchStrategy: all) did not find any beans (OnBeanCondition)

   ErrorMvcAutoConfiguration.WhitelabelErrorViewConfiguration#defaultErrorView matched:
      - @ConditionalOnMissingBean (names: error; SearchStrategy: all) did not find any beans (OnBeanCondition)

   FlywayAutoConfiguration matched:
      - @ConditionalOnClass found required class 'org.flywaydb.core.Flyway' (OnClassCondition)
      - @ConditionalOnBooleanProperty (spring.flyway.enabled=true) matched (OnPropertyCondition)
      - AnyNestedCondition 2 matched 1 did not; NestedCondition on FlywayAutoConfiguration.FlywayDataSourceCondition.FlywayUrlCondition @ConditionalOnProperty (spring.flyway.url) did not find property 'spring.flyway.url'; NestedCondition on FlywayAutoConfiguration.FlywayDataSourceCondition.JdbcConnectionDetailsCondition @ConditionalOnBean (types: org.springframework.boot.jdbc.autoconfigure.JdbcConnectionDetails; SearchStrategy: all) found bean 'jdbcConnectionDetails'; NestedCondition on FlywayAutoConfiguration.FlywayDataSourceCondition.DataSourceBeanCondition @ConditionalOnBean (types: javax.sql.DataSource; SearchStrategy: all) found bean 'dataSource' (FlywayAutoConfiguration.FlywayDataSourceCondition)

   FlywayAutoConfiguration.FlywayConfiguration matched:
      - @ConditionalOnClass found required class 'org.springframework.jdbc.support.JdbcUtils' (OnClassCondition)
      - @ConditionalOnMissingBean (types: org.flywaydb.core.Flyway; SearchStrategy: all) did not find any beans (OnBeanCondition)

   FlywayAutoConfiguration.FlywayConfiguration#flywayConnectionDetails matched:
      - @ConditionalOnMissingBean (types: org.springframework.boot.flyway.autoconfigure.FlywayConnectionDetails; SearchStrategy: all) did not find any beans (OnBeanCondition)

   FlywayAutoConfiguration.FlywayConfiguration#flywayInitializer matched:
      - @ConditionalOnMissingBean (types: org.springframework.boot.flyway.autoconfigure.FlywayMigrationInitializer; SearchStrategy: all) did not find any beans (OnBeanCondition)

   HibernateJpaAutoConfiguration matched:
      - @ConditionalOnClass found required classes 'org.springframework.orm.jpa.LocalContainerEntityManagerFactoryBean', 'jakarta.persistence.EntityManager', 'org.hibernate.engine.spi.SessionImplementor' (OnClassCondition)

   HibernateJpaConfiguration matched:
      - @ConditionalOnSingleCandidate (types: javax.sql.DataSource; SearchStrategy: all) found a single bean 'dataSource' (OnBeanCondition)

   HttpEncodingAutoConfiguration matched:
      - @ConditionalOnClass found required class 'org.springframework.web.filter.CharacterEncodingFilter' (OnClassCondition)
      - found 'session' scope (OnWebApplicationCondition)
      - @ConditionalOnBooleanProperty (spring.servlet.encoding.enabled=true) matched (OnPropertyCondition)

   HttpEncodingAutoConfiguration#characterEncodingFilter matched:
      - @ConditionalOnMissingBean (types: org.springframework.web.filter.CharacterEncodingFilter; SearchStrategy: all) did not find any beans (OnBeanCondition)

   HttpMessageConvertersAutoConfiguration matched:
      - @ConditionalOnClass found required class 'org.springframework.http.converter.HttpMessageConverter' (OnClassCondition)
      - NoneNestedConditions 0 matched 1 did not; NestedCondition on HttpMessageConvertersAutoConfiguration.NotReactiveWebApplicationCondition.ReactiveWebApplication did not find reactive web application classes (HttpMessageConvertersAutoConfiguration.NotReactiveWebApplicationCondition)

   HttpMessageConvertersAutoConfiguration.StringHttpMessageConverterConfiguration#stringHttpMessageConvertersCustomizer matched:
      - @ConditionalOnMissingBean (types: org.springframework.http.converter.StringHttpMessageConverter; SearchStrategy: all) did not find any beans (OnBeanCondition)

   JacksonAutoConfiguration matched:
      - @ConditionalOnClass found required class 'tools.jackson.databind.json.JsonMapper' (OnClassCondition)

   JacksonAutoConfiguration#jacksonJsonMapper matched:
      - @ConditionalOnMissingBean (types: tools.jackson.databind.json.JsonMapper; SearchStrategy: all) did not find any beans (OnBeanCondition)

   JacksonAutoConfiguration#jsonMapperBuilder matched:
      - @ConditionalOnMissingBean (types: tools.jackson.databind.json.JsonMapper$Builder; SearchStrategy: all) did not find any beans (OnBeanCondition)

   JacksonAutoConfiguration.JsonProblemDetailsConfiguration matched:
      - @ConditionalOnClass found required class 'org.springframework.http.ProblemDetail' (OnClassCondition)

   JacksonHttpMessageConvertersConfiguration.JacksonJsonHttpMessageConverterConfiguration matched:
      - @ConditionalOnClass found required class 'tools.jackson.databind.json.JsonMapper' (OnClassCondition)
      - @ConditionalOnProperty (spring.http.converters.preferred-json-mapper=jackson) matched (OnPropertyCondition)
      - @ConditionalOnBean (types: tools.jackson.databind.json.JsonMapper; SearchStrategy: all) found bean 'jacksonJsonMapper' (OnBeanCondition)

   JacksonHttpMessageConvertersConfiguration.JacksonJsonHttpMessageConverterConfiguration#jacksonJsonHttpMessageConvertersCustomizer matched:
      - @ConditionalOnMissingBean (types: org.springframework.http.converter.json.JacksonJsonHttpMessageConverter ignored: org.springframework.hateoas.server.mvc.TypeConstrainedJacksonJsonHttpMessageConverter,org.springframework.data.rest.webmvc.alps.AlpsJacksonJsonHttpMessageConverter; SearchStrategy: all) did not find any beans (OnBeanCondition)

   JdbcClientAutoConfiguration matched:
      - @ConditionalOnSingleCandidate (types: org.springframework.jdbc.core.namedparam.NamedParameterJdbcTemplate; SearchStrategy: all) found a single bean 'namedParameterJdbcTemplate'; @ConditionalOnMissingBean (types: org.springframework.jdbc.core.simple.JdbcClient; SearchStrategy: all) did not find any beans (OnBeanCondition)

   JdbcTemplateAutoConfiguration matched:
      - @ConditionalOnClass found required classes 'javax.sql.DataSource', 'org.springframework.jdbc.core.JdbcTemplate' (OnClassCondition)
      - @ConditionalOnSingleCandidate (types: javax.sql.DataSource; SearchStrategy: all) found a single bean 'dataSource' (OnBeanCondition)

   JdbcTemplateConfiguration matched:
      - @ConditionalOnMissingBean (types: org.springframework.jdbc.core.JdbcOperations; SearchStrategy: all) did not find any beans (OnBeanCondition)

   JmxAutoConfiguration matched:
      - @ConditionalOnClass found required class 'org.springframework.jmx.export.MBeanExporter' (OnClassCondition)
      - @ConditionalOnBooleanProperty (spring.jmx.enabled=true) matched (OnPropertyCondition)

   JmxAutoConfiguration#mbeanExporter matched:
      - @ConditionalOnMissingBean (types: org.springframework.jmx.export.MBeanExporter; SearchStrategy: current) did not find any beans (OnBeanCondition)

   JmxAutoConfiguration#mbeanServer matched:
      - @ConditionalOnMissingBean (types: javax.management.MBeanServer; SearchStrategy: all) did not find any beans (OnBeanCondition)

   JmxAutoConfiguration#objectNamingStrategy matched:
      - @ConditionalOnMissingBean (types: org.springframework.jmx.export.naming.ObjectNamingStrategy; SearchStrategy: current) did not find any beans (OnBeanCondition)

   JpaBaseConfiguration#entityManagerFactory matched:
      - @ConditionalOnMissingBean (types: org.springframework.orm.jpa.LocalContainerEntityManagerFactoryBean,jakarta.persistence.EntityManagerFactory; SearchStrategy: all) did not find any beans (OnBeanCondition)

   JpaBaseConfiguration#entityManagerFactoryBuilder matched:
      - @ConditionalOnMissingBean (types: org.springframework.boot.jpa.EntityManagerFactoryBuilder; SearchStrategy: all) did not find any beans (OnBeanCondition)

   JpaBaseConfiguration#jpaVendorAdapter matched:
      - @ConditionalOnMissingBean (types: org.springframework.orm.jpa.JpaVendorAdapter; SearchStrategy: all) did not find any beans (OnBeanCondition)

   JpaBaseConfiguration#transactionManager matched:
      - @ConditionalOnMissingBean (types: org.springframework.transaction.TransactionManager; SearchStrategy: all) did not find any beans (OnBeanCondition)

   JpaBaseConfiguration.JpaWebConfiguration matched:
      - @ConditionalOnClass found required class 'org.springframework.web.servlet.config.annotation.WebMvcConfigurer' (OnClassCondition)
      - found 'session' scope (OnWebApplicationCondition)
      - @ConditionalOnBooleanProperty (spring.jpa.open-in-view=true) matched (OnPropertyCondition)
      - @ConditionalOnMissingBean (types: org.springframework.orm.jpa.support.OpenEntityManagerInViewInterceptor,org.springframework.orm.jpa.support.OpenEntityManagerInViewFilter; SearchStrategy: all) did not find any beans (OnBeanCondition)

   JpaBaseConfiguration.PersistenceManagedTypesConfiguration matched:
      - @ConditionalOnMissingBean (types: org.springframework.orm.jpa.LocalContainerEntityManagerFactoryBean,jakarta.persistence.EntityManagerFactory; SearchStrategy: all) did not find any beans (OnBeanCondition)

   JpaBaseConfiguration.PersistenceManagedTypesConfiguration#persistenceManagedTypes matched:
      - @ConditionalOnMissingBean (types: org.springframework.orm.jpa.persistenceunit.PersistenceManagedTypes; SearchStrategy: all) did not find any beans (OnBeanCondition)

   JtaAutoConfiguration matched:
      - @ConditionalOnClass found required class 'jakarta.transaction.Transaction' (OnClassCondition)
      - @ConditionalOnBooleanProperty (spring.jta.enabled=true) matched (OnPropertyCondition)

   LifecycleAutoConfiguration#defaultLifecycleProcessor matched:
      - @ConditionalOnMissingBean (names: lifecycleProcessor; SearchStrategy: current) did not find any beans (OnBeanCondition)

   LocalDevToolsAutoConfiguration matched:
      - Initialized Restarter Condition available and initialized (OnInitializedRestarterCondition)

   LocalDevToolsAutoConfiguration.RestartConfiguration matched:
      - @ConditionalOnBooleanProperty (spring.devtools.restart.enabled=true) matched (OnPropertyCondition)

   LocalDevToolsAutoConfiguration.RestartConfiguration#classPathFileSystemWatcher matched:
      - @ConditionalOnMissingBean (types: org.springframework.boot.devtools.classpath.ClassPathFileSystemWatcher; SearchStrategy: all) did not find any beans (OnBeanCondition)

   LocalDevToolsAutoConfiguration.RestartConfiguration#classPathRestartStrategy matched:
      - @ConditionalOnMissingBean (types: org.springframework.boot.devtools.classpath.ClassPathRestartStrategy; SearchStrategy: all) did not find any beans (OnBeanCondition)

   LocalDevToolsAutoConfiguration.RestartConfiguration#conditionEvaluationDeltaLoggingListener matched:
      - @ConditionalOnBooleanProperty (spring.devtools.restart.log-condition-evaluation-delta=true) matched (OnPropertyCondition)

   MultipartAutoConfiguration matched:
      - @ConditionalOnClass found required classes 'jakarta.servlet.Servlet', 'org.springframework.web.multipart.support.StandardServletMultipartResolver', 'jakarta.servlet.MultipartConfigElement' (OnClassCondition)
      - found 'session' scope (OnWebApplicationCondition)
      - @ConditionalOnBooleanProperty (spring.servlet.multipart.enabled=true) matched (OnPropertyCondition)

   MultipartAutoConfiguration#multipartConfigElement matched:
      - @ConditionalOnMissingBean (types: jakarta.servlet.MultipartConfigElement; SearchStrategy: all) did not find any beans (OnBeanCondition)

   MultipartAutoConfiguration#multipartResolver matched:
      - @ConditionalOnMissingBean (types: org.springframework.web.multipart.MultipartResolver; SearchStrategy: all) did not find any beans (OnBeanCondition)

   NamedParameterJdbcTemplateConfiguration matched:
      - @ConditionalOnSingleCandidate (types: org.springframework.jdbc.core.JdbcTemplate; SearchStrategy: all) found a single bean 'jdbcTemplate'; @ConditionalOnMissingBean (types: org.springframework.jdbc.core.namedparam.NamedParameterJdbcOperations; SearchStrategy: all) did not find any beans (OnBeanCondition)

   PersistenceExceptionTranslationAutoConfiguration matched:
      - @ConditionalOnClass found required class 'org.springframework.dao.annotation.PersistenceExceptionTranslationPostProcessor' (OnClassCondition)

   PersistenceExceptionTranslationAutoConfiguration#persistenceExceptionTranslationPostProcessor matched:
      - @ConditionalOnBooleanProperty (spring.persistence.exceptiontranslation.enabled=true) matched (OnPropertyCondition)
      - @ConditionalOnMissingBean (types: org.springframework.dao.annotation.PersistenceExceptionTranslationPostProcessor; SearchStrategy: all) did not find any beans (OnBeanCondition)

   PropertyPlaceholderAutoConfiguration#propertySourcesPlaceholderConfigurer matched:
      - @ConditionalOnMissingBean (types: org.springframework.context.support.PropertySourcesPlaceholderConfigurer; SearchStrategy: current) did not find any beans (OnBeanCondition)

   SpringApplicationAdminJmxAutoConfiguration matched:
      - @ConditionalOnBooleanProperty (spring.application.admin.enabled=true) matched (OnPropertyCondition)

   SpringApplicationAdminJmxAutoConfiguration#springApplicationAdminRegistrar matched:
      - @ConditionalOnMissingBean (types: org.springframework.boot.admin.SpringApplicationAdminMXBeanRegistrar; SearchStrategy: all) did not find any beans (OnBeanCondition)

   SslAutoConfiguration#sslBundleRegistry matched:
      - @ConditionalOnMissingBean (types: org.springframework.boot.ssl.SslBundleRegistry,org.springframework.boot.ssl.SslBundles; SearchStrategy: all) did not find any beans (OnBeanCondition)

   TaskExecutionAutoConfiguration matched:
      - @ConditionalOnClass found required class 'org.springframework.scheduling.concurrent.ThreadPoolTaskExecutor' (OnClassCondition)

   TaskExecutorConfigurations.AsyncConfigurerConfiguration matched:
      - @ConditionalOnMissingBean (types: org.springframework.scheduling.annotation.AsyncConfigurer; SearchStrategy: all) did not find any beans (OnBeanCondition)

   TaskExecutorConfigurations.SimpleAsyncTaskExecutorBuilderConfiguration#simpleAsyncTaskExecutorBuilder matched:
      - @ConditionalOnMissingBean (types: org.springframework.boot.task.SimpleAsyncTaskExecutorBuilder; SearchStrategy: all) did not find any beans (OnBeanCondition)
      - @ConditionalOnThreading found PLATFORM (OnThreadingCondition)

   TaskExecutorConfigurations.TaskExecutorConfiguration matched:
      - AnyNestedCondition 1 matched 1 did not; NestedCondition on TaskExecutorConfigurations.OnExecutorCondition.ModelCondition @ConditionalOnProperty (spring.task.execution.mode=force) did not find property 'spring.task.execution.mode'; NestedCondition on TaskExecutorConfigurations.OnExecutorCondition.ExecutorBeanCondition @ConditionalOnMissingBean (types: java.util.concurrent.Executor; SearchStrategy: all) did not find any beans (TaskExecutorConfigurations.OnExecutorCondition)

   TaskExecutorConfigurations.TaskExecutorConfiguration#applicationTaskExecutor matched:
      - @ConditionalOnThreading found PLATFORM (OnThreadingCondition)

   TaskExecutorConfigurations.ThreadPoolTaskExecutorBuilderConfiguration#threadPoolTaskExecutorBuilder matched:
      - @ConditionalOnMissingBean (types: org.springframework.boot.task.ThreadPoolTaskExecutorBuilder; SearchStrategy: all) did not find any beans (OnBeanCondition)

   TaskSchedulingAutoConfiguration matched:
      - @ConditionalOnClass found required class 'org.springframework.scheduling.concurrent.ThreadPoolTaskScheduler' (OnClassCondition)

   TaskSchedulingConfigurations.SimpleAsyncTaskSchedulerBuilderConfiguration#simpleAsyncTaskSchedulerBuilder matched:
      - @ConditionalOnMissingBean (types: org.springframework.boot.task.SimpleAsyncTaskSchedulerBuilder; SearchStrategy: all) did not find any beans (OnBeanCondition)
      - @ConditionalOnThreading found PLATFORM (OnThreadingCondition)

   TaskSchedulingConfigurations.ThreadPoolTaskSchedulerBuilderConfiguration#threadPoolTaskSchedulerBuilder matched:
      - @ConditionalOnMissingBean (types: org.springframework.boot.task.ThreadPoolTaskSchedulerBuilder; SearchStrategy: all) did not find any beans (OnBeanCondition)

   TomcatServletWebServerAutoConfiguration matched:
      - @ConditionalOnClass found required classes 'jakarta.servlet.ServletRequest', 'org.apache.catalina.startup.Tomcat', 'org.apache.coyote.UpgradeProtocol', 'org.springframework.boot.tomcat.servlet.TomcatServletWebServerFactory' (OnClassCondition)
      - found 'session' scope (OnWebApplicationCondition)

   TomcatServletWebServerAutoConfiguration#tomcatServletWebServerFactory matched:
      - @ConditionalOnMissingBean (types: org.springframework.boot.web.server.servlet.ServletWebServerFactory; SearchStrategy: current) did not find any beans (OnBeanCondition)

   TomcatWebServerConfiguration matched:
      - @ConditionalOnWarDeployment the application is not deployed as a WAR file. (OnWarDeploymentCondition)

   TomcatWebServerConfiguration.TomcatWebSocketConfiguration matched:
      - @ConditionalOnClass found required class 'org.apache.tomcat.websocket.server.WsSci' (OnClassCondition)

   TransactionAutoConfiguration matched:
      - @ConditionalOnClass found required class 'org.springframework.transaction.PlatformTransactionManager' (OnClassCondition)

   TransactionAutoConfiguration.EnableTransactionManagementConfiguration matched:
      - @ConditionalOnBean (types: org.springframework.transaction.TransactionManager; SearchStrategy: all) found bean 'transactionManager'; @ConditionalOnMissingBean (types: org.springframework.transaction.annotation.AbstractTransactionManagementConfiguration; SearchStrategy: all) did not find any beans (OnBeanCondition)

   TransactionAutoConfiguration.EnableTransactionManagementConfiguration.CglibAutoProxyConfiguration matched:
      - @ConditionalOnBooleanProperty (spring.aop.proxy-target-class=true) matched (OnPropertyCondition)

   TransactionAutoConfiguration.TransactionTemplateConfiguration matched:
      - @ConditionalOnSingleCandidate (types: org.springframework.transaction.PlatformTransactionManager; SearchStrategy: all) found a single bean 'transactionManager' (OnBeanCondition)

   TransactionAutoConfiguration.TransactionTemplateConfiguration#transactionTemplate matched:
      - @ConditionalOnMissingBean (types: org.springframework.transaction.support.TransactionOperations; SearchStrategy: all) did not find any beans (OnBeanCondition)

   TransactionManagerCustomizationAutoConfiguration matched:
      - @ConditionalOnClass found required class 'org.springframework.transaction.PlatformTransactionManager' (OnClassCondition)

   TransactionManagerCustomizationAutoConfiguration#platformTransactionManagerCustomizers matched:
      - @ConditionalOnMissingBean (types: org.springframework.boot.transaction.autoconfigure.TransactionManagerCustomizers; SearchStrategy: all) did not find any beans (OnBeanCondition)

   WebMvcAutoConfiguration matched:
      - @ConditionalOnClass found required classes 'jakarta.servlet.Servlet', 'org.springframework.web.servlet.DispatcherServlet', 'org.springframework.web.servlet.config.annotation.WebMvcConfigurer' (OnClassCondition)
      - found 'session' scope (OnWebApplicationCondition)
      - @ConditionalOnMissingBean (types: org.springframework.web.servlet.config.annotation.WebMvcConfigurationSupport; SearchStrategy: all) did not find any beans (OnBeanCondition)

   WebMvcAutoConfiguration#formContentFilter matched:
      - @ConditionalOnBooleanProperty (spring.mvc.formcontent.filter.enabled=true) matched (OnPropertyCondition)
      - @ConditionalOnMissingBean (types: org.springframework.web.filter.FormContentFilter; SearchStrategy: all) did not find any beans (OnBeanCondition)

   WebMvcAutoConfiguration.EnableWebMvcConfiguration#flashMapManager matched:
      - @ConditionalOnMissingBean (names: flashMapManager; SearchStrategy: all) did not find any beans (OnBeanCondition)

   WebMvcAutoConfiguration.EnableWebMvcConfiguration#localeResolver matched:
      - @ConditionalOnMissingBean (names: localeResolver; SearchStrategy: all) did not find any beans (OnBeanCondition)

   WebMvcAutoConfiguration.EnableWebMvcConfiguration#viewNameTranslator matched:
      - @ConditionalOnMissingBean (names: viewNameTranslator; SearchStrategy: all) did not find any beans (OnBeanCondition)

   WebMvcAutoConfiguration.WebMvcAutoConfigurationAdapter#defaultViewResolver matched:
      - @ConditionalOnMissingBean (types: org.springframework.web.servlet.view.InternalResourceViewResolver; SearchStrategy: all) did not find any beans (OnBeanCondition)

   WebMvcAutoConfiguration.WebMvcAutoConfigurationAdapter#requestContextFilter matched:
      - @ConditionalOnMissingBean (types: org.springframework.web.context.request.RequestContextListener,org.springframework.web.filter.RequestContextFilter; SearchStrategy: all) did not find any beans (OnBeanCondition)

   WebMvcAutoConfiguration.WebMvcAutoConfigurationAdapter#viewResolver matched:
      - @ConditionalOnBean (types: org.springframework.web.servlet.ViewResolver; SearchStrategy: all) found beans 'defaultViewResolver', 'beanNameViewResolver', 'mvcViewResolver'; @ConditionalOnMissingBean (names: viewResolver types: org.springframework.web.servlet.view.ContentNegotiatingViewResolver; SearchStrategy: all) did not find any beans (OnBeanCondition)


Negative matches:
-----------------

   AopAutoConfiguration.AspectJAutoProxyingConfiguration.JdkDynamicAutoProxyConfiguration:
      Did not match:
         - @ConditionalOnBooleanProperty (spring.aop.proxy-target-class=false) did not find property 'spring.aop.proxy-target-class' (OnPropertyCondition)

   AopAutoConfiguration.ClassProxyingConfiguration:
      Did not match:
         - @ConditionalOnMissingClass found unwanted class 'org.aspectj.weaver.Advice' (OnClassCondition)

   DataJpaRepositoriesAutoConfiguration#entityManagerFactoryBootstrapExecutorCustomizer:
      Did not match:
         - AnyNestedCondition 0 matched 2 did not; NestedCondition on DataJpaRepositoriesAutoConfiguration.BootstrapExecutorCondition.LazyBootstrapMode @ConditionalOnProperty (spring.data.jpa.repositories.bootstrap-mode=lazy) did not find property 'spring.data.jpa.repositories.bootstrap-mode'; NestedCondition on DataJpaRepositoriesAutoConfiguration.BootstrapExecutorCondition.DeferredBootstrapMode @ConditionalOnProperty (spring.data.jpa.repositories.bootstrap-mode=deferred) did not find property 'spring.data.jpa.repositories.bootstrap-mode' (DataJpaRepositoriesAutoConfiguration.BootstrapExecutorCondition)

   DataRepositoryMetricsAutoConfiguration:
      Did not match:
         - @ConditionalOnBean did not find required type 'io.micrometer.core.instrument.MeterRegistry' (OnBeanCondition)

   DataSourceAutoConfiguration.EmbeddedDatabaseConfiguration:
      Did not match:
         - EmbeddedDataSource found supported pooled data source (DataSourceAutoConfiguration.EmbeddedDatabaseCondition)

   DataSourceCheckpointRestoreConfiguration:
      Did not match:
         - @ConditionalOnClass did not find required class 'org.crac.Resource' (OnClassCondition)

   DataSourceConfiguration.Dbcp2:
      Did not match:
         - @ConditionalOnClass did not find required class 'org.apache.commons.dbcp2.BasicDataSource' (OnClassCondition)

   DataSourceConfiguration.Generic:
      Did not match:
         - @ConditionalOnProperty (spring.datasource.type) did not find property 'spring.datasource.type' (OnPropertyCondition)

   DataSourceConfiguration.OracleUcp:
      Did not match:
         - @ConditionalOnClass did not find required classes 'oracle.ucp.jdbc.PoolDataSourceImpl', 'oracle.jdbc.OracleConnection' (OnClassCondition)

   DataSourceConfiguration.Tomcat:
      Did not match:
         - @ConditionalOnClass did not find required class 'org.apache.tomcat.jdbc.pool.DataSource' (OnClassCondition)

   DataSourceHealthContributorAutoConfiguration:
      Did not match:
         - @ConditionalOnClass did not find required class 'org.springframework.boot.health.autoconfigure.contributor.ConditionalOnEnabledHealthIndicator' (OnClassCondition)

   DataSourceJmxConfiguration.TomcatDataSourceJmxConfiguration:
      Did not match:
         - @ConditionalOnClass did not find required class 'org.apache.tomcat.jdbc.pool.DataSourceProxy' (OnClassCondition)

   DataSourcePoolMetadataProvidersConfiguration.CommonsDbcp2PoolDataSourceMetadataProviderConfiguration:
      Did not match:
         - @ConditionalOnClass did not find required class 'org.apache.commons.dbcp2.BasicDataSource' (OnClassCondition)

   DataSourcePoolMetadataProvidersConfiguration.OracleUcpPoolDataSourceMetadataProviderConfiguration:
      Did not match:
         - @ConditionalOnClass did not find required classes 'oracle.ucp.jdbc.PoolDataSource', 'oracle.jdbc.OracleConnection' (OnClassCondition)

   DataSourcePoolMetadataProvidersConfiguration.TomcatDataSourcePoolMetadataProviderConfiguration:
      Did not match:
         - @ConditionalOnClass did not find required class 'org.apache.tomcat.jdbc.pool.DataSource' (OnClassCondition)

   DataSourcePoolMetricsAutoConfiguration:
      Did not match:
         - @ConditionalOnClass did not find required class 'io.micrometer.core.instrument.MeterRegistry' (OnClassCondition)

   DataSourceTransactionManagerAutoConfiguration.JdbcTransactionManagerConfiguration#transactionManager:
      Did not match:
         - @ConditionalOnMissingBean (types: org.springframework.transaction.TransactionManager; SearchStrategy: all) found beans of type 'org.springframework.transaction.TransactionManager' transactionManager (OnBeanCondition)

   DevToolsR2dbcAutoConfiguration:
      Did not match:
         - @ConditionalOnClass did not find required class 'io.r2dbc.spi.ConnectionFactory' (OnClassCondition)

   DispatcherServletAutoConfiguration.DispatcherServletConfiguration#multipartResolver:
      Did not match:
         - @ConditionalOnBean (types: org.springframework.web.multipart.MultipartResolver; SearchStrategy: all) did not find any beans of type org.springframework.web.multipart.MultipartResolver (OnBeanCondition)

   FlywayAutoConfiguration.FlywayConfiguration.OracleConfiguration:
      Did not match:
         - @ConditionalOnClass did not find required class 'org.flywaydb.database.oracle.OracleConfigurationExtension' (OnClassCondition)

   FlywayAutoConfiguration.FlywayConfiguration.PostgresqlConfiguration:
      Did not match:
         - @ConditionalOnClass did not find required class 'org.flywaydb.database.postgresql.PostgreSQLConfigurationExtension' (OnClassCondition)

   FlywayAutoConfiguration.FlywayConfiguration.SqlServerConfiguration:
      Did not match:
         - @ConditionalOnClass did not find required class 'org.flywaydb.database.sqlserver.SQLServerConfigurationExtension' (OnClassCondition)

   FlywayEndpointAutoConfiguration:
      Did not match:
         - @ConditionalOnClass did not find required class 'org.springframework.boot.actuate.autoconfigure.endpoint.condition.ConditionalOnAvailableEndpoint' (OnClassCondition)

   GsonHttpMessageConvertersConfiguration:
      Did not match:
         - @ConditionalOnClass did not find required class 'com.google.gson.Gson' (OnClassCondition)

   HibernateMetricsAutoConfiguration:
      Did not match:
         - @ConditionalOnClass did not find required class 'io.micrometer.core.instrument.MeterRegistry' (OnClassCondition)

   Jackson2HttpMessageConvertersConfiguration.MappingJackson2HttpMessageConverterConfiguration:
      Did not match:
         - AnyNestedCondition 0 matched 2 did not; NestedCondition on Jackson2HttpMessageConvertersConfiguration.PreferJackson2OrJacksonUnavailableCondition.JacksonUnavailable @ConditionalOnMissingBean (types: org.springframework.boot.http.converter.autoconfigure.JacksonHttpMessageConvertersConfiguration$JacksonJsonHttpMessageConvertersCustomizer; SearchStrategy: all) found beans of type 'org.springframework.boot.http.converter.autoconfigure.JacksonHttpMessageConvertersConfiguration$JacksonJsonHttpMessageConvertersCustomizer' jacksonJsonHttpMessageConvertersCustomizer; NestedCondition on Jackson2HttpMessageConvertersConfiguration.PreferJackson2OrJacksonUnavailableCondition.Jackson2Preferred @ConditionalOnProperty (spring.http.converters.preferred-json-mapper=jackson2) did not find property 'spring.http.converters.preferred-json-mapper' (Jackson2HttpMessageConvertersConfiguration.PreferJackson2OrJacksonUnavailableCondition)
      Matched:
         - @ConditionalOnClass found required class 'com.fasterxml.jackson.databind.ObjectMapper' (OnClassCondition)

   Jackson2HttpMessageConvertersConfiguration.MappingJackson2XmlHttpMessageConverterConfiguration:
      Did not match:
         - @ConditionalOnClass did not find required class 'com.fasterxml.jackson.dataformat.xml.XmlMapper' (OnClassCondition)

   JacksonAutoConfiguration.CborConfiguration:
      Did not match:
         - @ConditionalOnClass did not find required class 'tools.jackson.dataformat.cbor.CBORMapper' (OnClassCondition)

   JacksonAutoConfiguration.XmlConfiguration:
      Did not match:
         - @ConditionalOnClass did not find required class 'tools.jackson.dataformat.xml.XmlMapper' (OnClassCondition)

   JacksonHttpMessageConvertersConfiguration.JacksonXmlHttpMessageConverterConfiguration:
      Did not match:
         - @ConditionalOnClass did not find required class 'tools.jackson.dataformat.xml.XmlMapper' (OnClassCondition)

   JndiDataSourceAutoConfiguration:
      Did not match:
         - @ConditionalOnProperty (spring.datasource.jndi-name) did not find property 'spring.datasource.jndi-name' (OnPropertyCondition)
      Matched:
         - @ConditionalOnClass found required classes 'javax.sql.DataSource', 'org.springframework.jdbc.datasource.embedded.EmbeddedDatabaseType' (OnClassCondition)

   JndiJtaConfiguration:
      Did not match:
         - @ConditionalOnJndi JNDI environment is not available (OnJndiCondition)
      Matched:
         - @ConditionalOnClass found required class 'org.springframework.transaction.jta.JtaTransactionManager' (OnClassCondition)

   JsonbHttpMessageConvertersConfiguration:
      Did not match:
         - @ConditionalOnClass did not find required class 'jakarta.json.bind.Jsonb' (OnClassCondition)

   KotlinSerializationHttpMessageConvertersConfiguration:
      Did not match:
         - @ConditionalOnClass did not find required classes 'kotlinx.serialization.Serializable', 'kotlinx.serialization.json.Json' (OnClassCondition)

   LocalDevToolsAutoConfiguration.LiveReloadConfiguration:
      Did not match:
         - @ConditionalOnBooleanProperty (spring.devtools.livereload.enabled=true) did not find property 'spring.devtools.livereload.enabled' (OnPropertyCondition)

   MessageSourceAutoConfiguration:
      Did not match:
         - ResourceBundle did not find bundle with basename messages (MessageSourceAutoConfiguration.ResourceBundleCondition)

   ProjectInfoAutoConfiguration#buildProperties:
      Did not match:
         - @ConditionalOnResource did not find resource '${spring.info.build.location:classpath:META-INF/build-info.properties}' (OnResourceCondition)

   ProjectInfoAutoConfiguration#gitProperties:
      Did not match:
         - GitResource did not find git info at classpath:git.properties (ProjectInfoAutoConfiguration.GitResourceAvailableCondition)

   RemoteDevToolsAutoConfiguration:
      Did not match:
         - @ConditionalOnProperty (spring.devtools.remote.secret) did not find property 'spring.devtools.remote.secret' (OnPropertyCondition)
      Matched:
         - @ConditionalOnClass found required classes 'jakarta.servlet.Filter', 'org.springframework.http.server.ServerHttpRequest', 'org.springframework.boot.web.server.autoconfigure.ServerProperties' (OnClassCondition)

   ServletHttpExchangesAutoConfiguration:
      Did not match:
         - @ConditionalOnBean did not find required type 'org.springframework.boot.actuate.web.exchanges.HttpExchangeRepository' (OnBeanCondition)

   ServletManagementContextAutoConfiguration:
      Did not match:
         - @ConditionalOnClass did not find required class 'org.springframework.boot.actuate.autoconfigure.endpoint.web.WebEndpointProperties' (OnClassCondition)

   ServletMappingsAutoConfiguration:
      Did not match:
         - @ConditionalOnClass did not find required class 'org.springframework.boot.actuate.autoconfigure.endpoint.condition.ConditionalOnAvailableEndpoint' (OnClassCondition)

   ServletWebServerConfiguration#forwardedHeaderFilter:
      Did not match:
         - @ConditionalOnProperty (server.forward-headers-strategy=framework) did not find property 'server.forward-headers-strategy' (OnPropertyCondition)

   TaskExecutorConfigurations.AsyncConfigurerWrapperConfiguration:
      Did not match:
         - @ConditionalOnBean (types: org.springframework.scheduling.annotation.AsyncConfigurer; SearchStrategy: all) did not find any beans of type org.springframework.scheduling.annotation.AsyncConfigurer (OnBeanCondition)

   TaskExecutorConfigurations.SimpleAsyncTaskExecutorBuilderConfiguration#simpleAsyncTaskExecutorBuilderVirtualThreads:
      Did not match:
         - @ConditionalOnMissingBean (types: org.springframework.boot.task.SimpleAsyncTaskExecutorBuilder; SearchStrategy: all) found beans of type 'org.springframework.boot.task.SimpleAsyncTaskExecutorBuilder' simpleAsyncTaskExecutorBuilder (OnBeanCondition)

   TaskExecutorConfigurations.TaskExecutorConfiguration#applicationTaskExecutorVirtualThreads:
      Did not match:
         - @ConditionalOnThreading did not find VIRTUAL (OnThreadingCondition)

   TaskSchedulingAutoConfiguration#scheduledBeanLazyInitializationExcludeFilter:
      Did not match:
         - @ConditionalOnBean (names: org.springframework.scheduling.config.internalScheduledAnnotationProcessor; SearchStrategy: all) did not find any beans named org.springframework.scheduling.config.internalScheduledAnnotationProcessor (OnBeanCondition)

   TaskSchedulingConfigurations.SimpleAsyncTaskSchedulerBuilderConfiguration#simpleAsyncTaskSchedulerBuilderVirtualThreads:
      Did not match:
         - @ConditionalOnMissingBean (types: org.springframework.boot.task.SimpleAsyncTaskSchedulerBuilder; SearchStrategy: all) found beans of type 'org.springframework.boot.task.SimpleAsyncTaskSchedulerBuilder' simpleAsyncTaskSchedulerBuilder (OnBeanCondition)

   TaskSchedulingConfigurations.TaskSchedulerConfiguration:
      Did not match:
         - @ConditionalOnBean (names: org.springframework.scheduling.config.internalScheduledAnnotationProcessor; SearchStrategy: all) did not find any beans named org.springframework.scheduling.config.internalScheduledAnnotationProcessor (OnBeanCondition)

   TomcatMetricsAutoConfiguration:
      Did not match:
         - @ConditionalOnClass did not find required class 'io.micrometer.core.instrument.binder.tomcat.TomcatMetrics' (OnClassCondition)

   TomcatReactiveManagementContextAutoConfiguration:
      Did not match:
         - @ConditionalOnClass did not find required class 'org.springframework.boot.actuate.autoconfigure.web.server.ManagementContextFactory' (OnClassCondition)

   TomcatReactiveWebServerAutoConfiguration:
      Did not match:
         - @ConditionalOnWebApplication did not find reactive web application classes (OnWebApplicationCondition)

   TomcatServletManagementContextAutoConfiguration:
      Did not match:
         - @ConditionalOnClass did not find required class 'org.springframework.boot.actuate.autoconfigure.web.server.ManagementContextFactory' (OnClassCondition)

   TomcatServletWebServerAutoConfiguration#tomcatForwardedHeaderFilterCustomizer:
      Did not match:
         - @ConditionalOnProperty (server.forward-headers-strategy=framework) did not find property 'server.forward-headers-strategy' (OnPropertyCondition)

   TomcatWebServerConfiguration#tomcatVirtualThreadsProtocolHandlerCustomizer:
      Did not match:
         - @ConditionalOnThreading did not find VIRTUAL (OnThreadingCondition)

   TransactionAutoConfiguration#transactionalOperator:
      Did not match:
         - @ConditionalOnSingleCandidate (types: org.springframework.transaction.ReactiveTransactionManager; SearchStrategy: all) did not find any beans (OnBeanCondition)

   TransactionAutoConfiguration.AspectJTransactionManagementConfiguration:
      Did not match:
         - @ConditionalOnBean (types: org.springframework.transaction.aspectj.AbstractTransactionAspect; SearchStrategy: all) did not find any beans of type org.springframework.transaction.aspectj.AbstractTransactionAspect (OnBeanCondition)

   TransactionAutoConfiguration.EnableTransactionManagementConfiguration.JdkDynamicAutoProxyConfiguration:
      Did not match:
         - @ConditionalOnBooleanProperty (spring.aop.proxy-target-class=false) did not find property 'spring.aop.proxy-target-class' (OnPropertyCondition)

   WebMvcAutoConfiguration#hiddenHttpMethodFilter:
      Did not match:
         - @ConditionalOnBooleanProperty (spring.mvc.hiddenmethod.filter.enabled=true) did not find property 'spring.mvc.hiddenmethod.filter.enabled' (OnPropertyCondition)

   WebMvcAutoConfiguration.ProblemDetailsErrorHandlingConfiguration:
      Did not match:
         - @ConditionalOnBooleanProperty (spring.mvc.problemdetails.enabled=true) did not find property 'spring.mvc.problemdetails.enabled' (OnPropertyCondition)

   WebMvcAutoConfiguration.ResourceChainCustomizerConfiguration:
      Did not match:
         - @ConditionalOnEnabledResourceChain did not find class org.webjars.WebJarVersionLocator (OnEnabledResourceChainCondition)

   WebMvcAutoConfiguration.WebMvcAutoConfigurationAdapter#beanNameViewResolver:
      Did not match:
         - @ConditionalOnMissingBean (types: org.springframework.web.servlet.view.BeanNameViewResolver; SearchStrategy: all) found beans of type 'org.springframework.web.servlet.view.BeanNameViewResolver' beanNameViewResolver (OnBeanCondition)

   WebMvcHealthEndpointExtensionAutoConfiguration:
      Did not match:
         - @ConditionalOnClass did not find required class 'org.springframework.boot.health.actuate.endpoint.HealthEndpoint' (OnClassCondition)

   WebMvcMappingsAutoConfiguration:
      Did not match:
         - @ConditionalOnClass did not find required class 'org.springframework.boot.actuate.autoconfigure.endpoint.condition.ConditionalOnAvailableEndpoint' (OnClassCondition)

   WebMvcObservationAutoConfiguration:
      Did not match:
         - @ConditionalOnClass did not find required class 'org.springframework.boot.micrometer.observation.autoconfigure.ObservationProperties' (OnClassCondition)

   XADataSourceAutoConfiguration:
      Did not match:
         - @ConditionalOnBean (types: org.springframework.boot.jdbc.XADataSourceWrapper; SearchStrategy: all) did not find any beans of type org.springframework.boot.jdbc.XADataSourceWrapper (OnBeanCondition)
      Matched:
         - @ConditionalOnClass found required classes 'javax.sql.DataSource', 'jakarta.transaction.TransactionManager', 'org.springframework.jdbc.datasource.embedded.EmbeddedDatabaseType' (OnClassCondition)


Exclusions:
-----------

    None


Unconditional classes:
----------------------

    org.springframework.boot.autoconfigure.context.ConfigurationPropertiesAutoConfiguration

    org.springframework.boot.autoconfigure.ssl.SslAutoConfiguration

    org.springframework.boot.autoconfigure.context.LifecycleAutoConfiguration

    org.springframework.boot.autoconfigure.context.PropertyPlaceholderAutoConfiguration

    one.stayfocused.spring.dotenv.config.DotenvAutoConfiguration

    org.springframework.boot.autoconfigure.availability.ApplicationAvailabilityAutoConfiguration

    org.springframework.boot.autoconfigure.info.ProjectInfoAutoConfiguration



DEBUG 20260518 19:44:06.270[restartedMain] [LoggingFailureAnalysisReporter:37] - Application failed to start due to an exception
org.springframework.boot.jdbc.autoconfigure.DataSourceProperties$DataSourceBeanCreationException: Failed to determine a suitable driver class
	at org.springframework.boot.jdbc.autoconfigure.DataSourceProperties.determineDriverClassName(DataSourceProperties.java:179)
	at org.springframework.boot.jdbc.autoconfigure.PropertiesJdbcConnectionDetails.getDriverClassName(PropertiesJdbcConnectionDetails.java:51)
	at org.springframework.boot.jdbc.autoconfigure.DataSourceConfiguration.createDataSource(DataSourceConfiguration.java:63)
	at org.springframework.boot.jdbc.autoconfigure.DataSourceConfiguration$Hikari.dataSource(DataSourceConfiguration.java:128)
	at java.base/jdk.internal.reflect.DirectMethodHandleAccessor.invoke(DirectMethodHandleAccessor.java:103)
	at java.base/java.lang.reflect.Method.invoke(Method.java:580)
	at org.springframework.beans.factory.support.SimpleInstantiationStrategy.lambda$instantiate$0(SimpleInstantiationStrategy.java:155)
	at org.springframework.beans.factory.support.SimpleInstantiationStrategy.instantiateWithFactoryMethod(SimpleInstantiationStrategy.java:72)
	at org.springframework.beans.factory.support.SimpleInstantiationStrategy.instantiate(SimpleInstantiationStrategy.java:152)
	at org.springframework.beans.factory.support.ConstructorResolver.instantiate(ConstructorResolver.java:653)
	at org.springframework.beans.factory.support.ConstructorResolver.instantiateUsingFactoryMethod(ConstructorResolver.java:645)
	at org.springframework.beans.factory.support.AbstractAutowireCapableBeanFactory.instantiateUsingFactoryMethod(AbstractAutowireCapableBeanFactory.java:1362)
	at org.springframework.beans.factory.support.AbstractAutowireCapableBeanFactory.createBeanInstance(AbstractAutowireCapableBeanFactory.java:1194)
	at org.springframework.beans.factory.support.AbstractAutowireCapableBeanFactory.doCreateBean(AbstractAutowireCapableBeanFactory.java:565)
	at org.springframework.beans.factory.support.AbstractAutowireCapableBeanFactory.createBean(AbstractAutowireCapableBeanFactory.java:525)
	at org.springframework.beans.factory.support.AbstractBeanFactory.lambda$doGetBean$0(AbstractBeanFactory.java:333)
	at org.springframework.beans.factory.support.DefaultSingletonBeanRegistry.getSingleton(DefaultSingletonBeanRegistry.java:371)
	at org.springframework.beans.factory.support.AbstractBeanFactory.doGetBean(AbstractBeanFactory.java:331)
	at org.springframework.beans.factory.support.AbstractBeanFactory.getBean(AbstractBeanFactory.java:201)
	at org.springframework.beans.factory.support.DefaultListableBeanFactory.resolveBean(DefaultListableBeanFactory.java:1225)
	at org.springframework.beans.factory.support.DefaultListableBeanFactory.doResolveDependency(DefaultListableBeanFactory.java:1704)
	at org.springframework.beans.factory.support.DefaultListableBeanFactory.resolveDependency(DefaultListableBeanFactory.java:1651)
	at org.springframework.beans.factory.support.ConstructorResolver.resolveAutowiredArgument(ConstructorResolver.java:912)
	at org.springframework.beans.factory.support.ConstructorResolver.createArgumentArray(ConstructorResolver.java:791)
	at org.springframework.beans.factory.support.ConstructorResolver.instantiateUsingFactoryMethod(ConstructorResolver.java:546)
	at org.springframework.beans.factory.support.AbstractAutowireCapableBeanFactory.instantiateUsingFactoryMethod(AbstractAutowireCapableBeanFactory.java:1362)
	at org.springframework.beans.factory.support.AbstractAutowireCapableBeanFactory.createBeanInstance(AbstractAutowireCapableBeanFactory.java:1194)
	at org.springframework.beans.factory.support.AbstractAutowireCapableBeanFactory.doCreateBean(AbstractAutowireCapableBeanFactory.java:565)
	at org.springframework.beans.factory.support.AbstractAutowireCapableBeanFactory.createBean(AbstractAutowireCapableBeanFactory.java:525)
	at org.springframework.beans.factory.support.AbstractBeanFactory.lambda$doGetBean$0(AbstractBeanFactory.java:333)
	at org.springframework.beans.factory.support.DefaultSingletonBeanRegistry.getSingleton(DefaultSingletonBeanRegistry.java:371)
	at org.springframework.beans.factory.support.AbstractBeanFactory.doGetBean(AbstractBeanFactory.java:331)
	at org.springframework.beans.factory.support.AbstractBeanFactory.getBean(AbstractBeanFactory.java:196)
	at org.springframework.beans.factory.support.AbstractBeanFactory.doGetBean(AbstractBeanFactory.java:309)
	at org.springframework.beans.factory.support.AbstractBeanFactory.getBean(AbstractBeanFactory.java:201)
	at org.springframework.context.support.AbstractApplicationContext.finishBeanFactoryInitialization(AbstractApplicationContext.java:977)
	at org.springframework.context.support.AbstractApplicationContext.refresh(AbstractApplicationContext.java:621)
	at org.springframework.boot.web.server.servlet.context.ServletWebServerApplicationContext.refresh(ServletWebServerApplicationContext.java:143)
	at org.springframework.boot.SpringApplication.refresh(SpringApplication.java:756)
	at org.springframework.boot.SpringApplication.refreshContext(SpringApplication.java:445)
	at org.springframework.boot.SpringApplication.run(SpringApplication.java:321)
	at org.springframework.boot.SpringApplication.run(SpringApplication.java:1365)
	at org.springframework.boot.SpringApplication.run(SpringApplication.java:1354)
	at com.mjc813.swimpool.SwimpoolApplication.main(SwimpoolApplication.java:10)
	at java.base/jdk.internal.reflect.DirectMethodHandleAccessor.invoke(DirectMethodHandleAccessor.java:103)
	at java.base/java.lang.reflect.Method.invoke(Method.java:580)
	at org.springframework.boot.devtools.restart.RestartLauncher.run(RestartLauncher.java:52)
ERROR 20260518 19:44:06.275[restartedMain] [LoggingFailureAnalysisReporter:40] - 

***************************
APPLICATION FAILED TO START
***************************

Description:

Failed to configure a DataSource: 'url' attribute is not specified and no embedded datasource could be configured.

Reason: Failed to determine a suitable driver class


Action:

Consider the following:
	If you want an embedded database (H2, HSQL or Derby), please put it on the classpath.
	If you have database settings to be loaded from a particular profile you may need to activate it (the profiles pord are currently active).

INFO  20260518 19:44:45.703[restartedMain] [SwimpoolApplication:54] - Starting SwimpoolApplication using Java 21.0.10 with PID 16136 (C:\develop\KDTgit\codingtest\mydevelop\swimpool\build\classes\java\main started by smd08 in C:\develop\KDTgit\codingtest\mydevelop\Swimpool)
DEBUG 20260518 19:44:45.711[restartedMain] [SwimpoolApplication:55] - Running with Spring Boot v4.0.6, Spring v7.0.7
INFO  20260518 19:44:45.712[restartedMain] [SwimpoolApplication:658] - The following 1 profile is active: "pord"
DEBUG 20260518 19:44:45.714[restartedMain] [SpringApplication:685] - Loading source class com.mjc813.swimpool.SwimpoolApplication
DEBUG 20260518 19:44:45.832[restartedMain] [ChangeableUrls:69] - Matching URLs for reloading : [file:/C:/develop/KDTgit/codingtest/mydevelop/swimpool/build/classes/java/main/, file:/C:/develop/KDTgit/codingtest/mydevelop/swimpool/build/resources/main/]
DEBUG 20260518 19:44:45.832[restartedMain] [DevToolsSettings:69] - Included patterns for restart : []
DEBUG 20260518 19:44:45.833[restartedMain] [DevToolsSettings:69] - Excluded patterns for restart : [/spring-boot-starter-[\w-]+/, /spring-boot/(bin|build|out)/, /spring-boot-starter/(bin|build|out)/, /spring-boot-devtools/(bin|build|out)/, /spring-boot-actuator/(bin|build|out)/, /spring-boot-autoconfigure/(bin|build|out)/]
INFO  20260518 19:44:45.833[restartedMain] [DevToolsPropertyDefaultsPostProcessor:69] - Devtools property defaults active! Set 'spring.devtools.add-properties' to 'false' to disable
INFO  20260518 19:44:45.834[restartedMain] [DevToolsPropertyDefaultsPostProcessor:69] - For additional web related logging consider setting the 'logging.level.web' property to 'DEBUG'
DEBUG 20260518 19:44:45.835[restartedMain] [AnnotationConfigServletWebServerApplicationContext:678] - Refreshing org.springframework.boot.web.server.servlet.context.AnnotationConfigServletWebServerApplicationContext@4d562c54
DEBUG 20260518 19:44:45.889[restartedMain] [DefaultListableBeanFactory:306] - Creating shared instance of singleton bean 'org.springframework.context.annotation.internalConfigurationAnnotationProcessor'
DEBUG 20260518 19:44:45.955[restartedMain] [DefaultListableBeanFactory:306] - Creating shared instance of singleton bean 'org.springframework.boot.autoconfigure.internalCachingMetadataReaderFactory'
DEBUG 20260518 19:44:46.105[restartedMain] [ClassPathBeanDefinitionScanner:470] - Identified candidate component class: file [C:\develop\KDTgit\codingtest\mydevelop\swimpool\build\classes\java\main\com\mjc813\swimpool\common\CommonExceptionHandler.class]
DEBUG 20260518 19:44:46.113[restartedMain] [ClassPathBeanDefinitionScanner:476] - Ignored because not a concrete top-level class: file [C:\develop\KDTgit\codingtest\mydevelop\swimpool\build\classes\java\main\com\mjc813\swimpool\models\swimpool\SwimpoolRepository.class]
DEBUG 20260518 19:44:46.129[restartedMain] [ClassPathBeanDefinitionScanner:470] - Identified candidate component class: file [C:\develop\KDTgit\codingtest\mydevelop\swimpool\build\classes\java\main\com\mjc813\swimpool\models\swimpool\SwimpoolRestController.class]
DEBUG 20260518 19:44:46.131[restartedMain] [ClassPathBeanDefinitionScanner:470] - Identified candidate component class: file [C:\develop\KDTgit\codingtest\mydevelop\swimpool\build\classes\java\main\com\mjc813\swimpool\models\swimpool\SwimpoolService.class]
DEBUG 20260518 19:44:46.136[restartedMain] [ClassPathBeanDefinitionScanner:476] - Ignored because not a concrete top-level class: file [C:\develop\KDTgit\codingtest\mydevelop\swimpool\build\classes\java\main\com\mjc813\swimpool\models\teacher\TeacherRepository.class]
DEBUG 20260518 19:44:46.137[restartedMain] [ClassPathBeanDefinitionScanner:470] - Identified candidate component class: file [C:\develop\KDTgit\codingtest\mydevelop\swimpool\build\classes\java\main\com\mjc813\swimpool\models\teacher\TeacherRestController.class]
DEBUG 20260518 19:44:46.138[restartedMain] [ClassPathBeanDefinitionScanner:470] - Identified candidate component class: file [C:\develop\KDTgit\codingtest\mydevelop\swimpool\build\classes\java\main\com\mjc813\swimpool\models\teacher\TeacherService.class]
DEBUG 20260518 19:44:46.446[restartedMain] [ClassPathBeanDefinitionScanner:470] - Identified candidate component class: URL [jar:file:/C:/Users/smd08/.gradle/caches/modules-2/files-2.1/one.stayfocused.spring/dotenv-spring-boot/1.0.0/5e4ac283567ffd6dc6b0d0f922a857a8e9953e02/dotenv-spring-boot-1.0.0.jar!/one/stayfocused/spring/dotenv/SpringBootDotenvApplication.class]
DEBUG 20260518 19:44:46.448[restartedMain] [ClassPathBeanDefinitionScanner:470] - Identified candidate component class: URL [jar:file:/C:/Users/smd08/.gradle/caches/modules-2/files-2.1/one.stayfocused.spring/dotenv-spring-boot/1.0.0/5e4ac283567ffd6dc6b0d0f922a857a8e9953e02/dotenv-spring-boot-1.0.0.jar!/one/stayfocused/spring/dotenv/config/DotenvLogger.class]
DEBUG 20260518 19:44:46.450[restartedMain] [ClassPathBeanDefinitionScanner:470] - Identified candidate component class: URL [jar:file:/C:/Users/smd08/.gradle/caches/modules-2/files-2.1/one.stayfocused.spring/dotenv-spring-boot/1.0.0/5e4ac283567ffd6dc6b0d0f922a857a8e9953e02/dotenv-spring-boot-1.0.0.jar!/one/stayfocused/spring/dotenv/core/DefaultEnvLoader.class]
DEBUG 20260518 19:44:46.457[restartedMain] [ClassPathBeanDefinitionScanner:470] - Identified candidate component class: URL [jar:file:/C:/Users/smd08/.gradle/caches/modules-2/files-2.1/one.stayfocused.spring/dotenv-spring-boot/1.0.0/5e4ac283567ffd6dc6b0d0f922a857a8e9953e02/dotenv-spring-boot-1.0.0.jar!/one/stayfocused/spring/dotenv/config/DotenvLogger.class]
DEBUG 20260518 19:44:46.457[restartedMain] [ClassPathBeanDefinitionScanner:470] - Identified candidate component class: URL [jar:file:/C:/Users/smd08/.gradle/caches/modules-2/files-2.1/one.stayfocused.spring/dotenv-spring-boot/1.0.0/5e4ac283567ffd6dc6b0d0f922a857a8e9953e02/dotenv-spring-boot-1.0.0.jar!/one/stayfocused/spring/dotenv/core/DefaultEnvLoader.class]
DEBUG 20260518 19:44:46.501[restartedMain] [ClassPathBeanDefinitionScanner:470] - Identified candidate component class: URL [jar:file:/C:/Users/smd08/.gradle/caches/modules-2/files-2.1/one.stayfocused.spring/dotenv-spring-boot/1.0.0/5e4ac283567ffd6dc6b0d0f922a857a8e9953e02/dotenv-spring-boot-1.0.0.jar!/one/stayfocused/spring/dotenv/SpringBootDotenvApplication.class]
DEBUG 20260518 19:44:46.502[restartedMain] [ClassPathBeanDefinitionScanner:470] - Identified candidate component class: URL [jar:file:/C:/Users/smd08/.gradle/caches/modules-2/files-2.1/one.stayfocused.spring/dotenv-spring-boot/1.0.0/5e4ac283567ffd6dc6b0d0f922a857a8e9953e02/dotenv-spring-boot-1.0.0.jar!/one/stayfocused/spring/dotenv/config/DotenvLogger.class]
DEBUG 20260518 19:44:46.503[restartedMain] [ClassPathBeanDefinitionScanner:470] - Identified candidate component class: URL [jar:file:/C:/Users/smd08/.gradle/caches/modules-2/files-2.1/one.stayfocused.spring/dotenv-spring-boot/1.0.0/5e4ac283567ffd6dc6b0d0f922a857a8e9953e02/dotenv-spring-boot-1.0.0.jar!/one/stayfocused/spring/dotenv/core/DefaultEnvLoader.class]
INFO  20260518 19:44:47.089[restartedMain] [RepositoryConfigurationDelegate:145] - Bootstrapping Spring Data JPA repositories in DEFAULT mode.
DEBUG 20260518 19:44:47.102[restartedMain] [DefaultListableBeanFactory:306] - Creating shared instance of singleton bean 'org.springframework.boot.autoconfigure.AutoConfigurationPackages'
DEBUG 20260518 19:44:47.113[restartedMain] [AutoConfigurationPackages:219] - @EnableAutoConfiguration was declared on a class in the package 'com.mjc813.swimpool'. Automatic @Repository and @Entity scanning is enabled.
DEBUG 20260518 19:44:47.115[restartedMain] [RepositoryConfigurationDelegate:155] - Scanning for JPA repositories in packages com.mjc813.swimpool.
DEBUG 20260518 19:44:47.238[restartedMain] [RepositoryComponentProvider:470] - Identified candidate component class: file [C:\develop\KDTgit\codingtest\mydevelop\swimpool\build\classes\java\main\com\mjc813\swimpool\models\swimpool\SwimpoolRepository.class]
DEBUG 20260518 19:44:47.239[restartedMain] [RepositoryComponentProvider:470] - Identified candidate component class: file [C:\develop\KDTgit\codingtest\mydevelop\swimpool\build\classes\java\main\com\mjc813\swimpool\models\teacher\TeacherRepository.class]
INFO  20260518 19:44:47.334[restartedMain] [RepositoryConfigurationDelegate:213] - Finished Spring Data repository scanning in 216 ms. Found 2 JPA repository interfaces.
DEBUG 20260518 19:44:47.623[restartedMain] [DefaultListableBeanFactory:306] - Creating shared instance of singleton bean 'propertySourcesPlaceholderConfigurer'
DEBUG 20260518 19:44:47.633[restartedMain] [DefaultListableBeanFactory:306] - Creating shared instance of singleton bean 'org.springframework.boot.devtools.autoconfigure.DevToolsDataSourceAutoConfiguration$DatabaseShutdownExecutorEntityManagerFactoryDependsOnPostProcessor'
DEBUG 20260518 19:44:47.634[restartedMain] [DefaultListableBeanFactory:306] - Creating shared instance of singleton bean 'org.springframework.boot.sql.init.dependency.DatabaseInitializationDependencyConfigurer$DependsOnDatabaseInitializationPostProcessor'
DEBUG 20260518 19:44:47.667[restartedMain] [DefaultListableBeanFactory:306] - Creating shared instance of singleton bean 'org.springframework.context.event.internalEventListenerProcessor'
DEBUG 20260518 19:44:47.669[restartedMain] [DefaultListableBeanFactory:306] - Creating shared instance of singleton bean 'bootstrapExecutorAliasPostProcessor'
DEBUG 20260518 19:44:47.671[restartedMain] [DefaultListableBeanFactory:306] - Creating shared instance of singleton bean 'preserveErrorControllerTargetClassPostProcessor'
DEBUG 20260518 19:44:47.672[restartedMain] [DefaultListableBeanFactory:306] - Creating shared instance of singleton bean 'org.springframework.context.event.internalEventListenerFactory'
DEBUG 20260518 19:44:47.672[restartedMain] [DefaultListableBeanFactory:306] - Creating shared instance of singleton bean 'org.springframework.transaction.config.internalTransactionalEventListenerFactory'
DEBUG 20260518 19:44:47.676[restartedMain] [DefaultListableBeanFactory:306] - Creating shared instance of singleton bean 'org.springframework.context.annotation.internalAutowiredAnnotationProcessor'
DEBUG 20260518 19:44:47.679[restartedMain] [DefaultListableBeanFactory:306] - Creating shared instance of singleton bean 'org.springframework.context.annotation.internalCommonAnnotationProcessor'
DEBUG 20260518 19:44:47.684[restartedMain] [DefaultListableBeanFactory:306] - Creating shared instance of singleton bean 'org.springframework.context.annotation.internalPersistenceAnnotationProcessor'
DEBUG 20260518 19:44:47.684[restartedMain] [DefaultListableBeanFactory:306] - Creating shared instance of singleton bean 'org.springframework.boot.context.properties.ConfigurationPropertiesBindingPostProcessor'
DEBUG 20260518 19:44:47.685[restartedMain] [DefaultListableBeanFactory:306] - Creating shared instance of singleton bean 'org.springframework.boot.context.internalConfigurationPropertiesBinder'
DEBUG 20260518 19:44:47.688[restartedMain] [DefaultListableBeanFactory:306] - Creating shared instance of singleton bean 'jdbcConnectionDetailsHikariBeanPostProcessor'
DEBUG 20260518 19:44:47.693[restartedMain] [DefaultListableBeanFactory:306] - Creating shared instance of singleton bean 'org.springframework.aop.config.internalAutoProxyCreator'
DEBUG 20260518 19:44:47.709[restartedMain] [DefaultListableBeanFactory:306] - Creating shared instance of singleton bean 'org.springframework.aop.framework.autoproxy.defaultProxyConfig'
DEBUG 20260518 19:44:47.725[restartedMain] [DefaultListableBeanFactory:306] - Creating shared instance of singleton bean 'persistenceExceptionTranslationPostProcessor'
DEBUG 20260518 19:44:47.727[restartedMain] [DefaultListableBeanFactory:953] - Autowiring by type from bean name 'persistenceExceptionTranslationPostProcessor' via factory method to bean named 'environment'
DEBUG 20260518 19:44:47.733[restartedMain] [DefaultListableBeanFactory:306] - Creating shared instance of singleton bean 'projectingArgumentResolverBeanPostProcessor'
DEBUG 20260518 19:44:47.735[restartedMain] [DefaultListableBeanFactory:306] - Creating shared instance of singleton bean 'org.springframework.transaction.config.internalTransactionAdvisor'
DEBUG 20260518 19:44:47.736[restartedMain] [DefaultListableBeanFactory:306] - Creating shared instance of singleton bean 'org.springframework.transaction.annotation.ProxyTransactionManagementConfiguration'
DEBUG 20260518 19:44:47.772[restartedMain] [DefaultListableBeanFactory:306] - Creating shared instance of singleton bean 'transactionAttributeSource'
DEBUG 20260518 19:44:47.779[restartedMain] [DefaultListableBeanFactory:306] - Creating shared instance of singleton bean 'transactionInterceptor'
DEBUG 20260518 19:44:47.779[restartedMain] [DefaultListableBeanFactory:953] - Autowiring by type from bean name 'transactionInterceptor' via factory method to bean named 'transactionAttributeSource'
DEBUG 20260518 19:44:47.788[restartedMain] [DefaultListableBeanFactory:953] - Autowiring by type from bean name 'org.springframework.transaction.config.internalTransactionAdvisor' via factory method to bean named 'transactionAttributeSource'
DEBUG 20260518 19:44:47.788[restartedMain] [DefaultListableBeanFactory:953] - Autowiring by type from bean name 'org.springframework.transaction.config.internalTransactionAdvisor' via factory method to bean named 'transactionInterceptor'
DEBUG 20260518 19:44:47.820[restartedMain] [DefaultListableBeanFactory:306] - Creating shared instance of singleton bean 'webServerFactoryCustomizerBeanPostProcessor'
DEBUG 20260518 19:44:47.821[restartedMain] [DefaultListableBeanFactory:306] - Creating shared instance of singleton bean 'errorPageRegistrarBeanPostProcessor'
DEBUG 20260518 19:44:47.824[restartedMain] [DefaultListableBeanFactory:306] - Creating shared instance of singleton bean 'tomcatServletWebServerFactory'
DEBUG 20260518 19:44:47.825[restartedMain] [DefaultListableBeanFactory:306] - Creating shared instance of singleton bean 'org.springframework.boot.tomcat.autoconfigure.servlet.TomcatServletWebServerAutoConfiguration'
DEBUG 20260518 19:44:47.826[restartedMain] [DefaultListableBeanFactory:306] - Creating shared instance of singleton bean 'server.tomcat-org.springframework.boot.tomcat.autoconfigure.TomcatServerProperties'
DEBUG 20260518 19:44:47.831[restartedMain] [DefaultListableBeanFactory:306] - Creating shared instance of singleton bean 'org.springframework.boot.context.properties.BoundConfigurationProperties'
DEBUG 20260518 19:44:47.842[restartedMain] [DefaultListableBeanFactory:306] - Creating shared instance of singleton bean 'stringOrNumberMigrationVersionConverter'
DEBUG 20260518 19:44:47.860[restartedMain] [DefaultListableBeanFactory:953] - Autowiring by type from bean name 'org.springframework.boot.tomcat.autoconfigure.servlet.TomcatServletWebServerAutoConfiguration' via constructor to bean named 'server.tomcat-org.springframework.boot.tomcat.autoconfigure.TomcatServerProperties'
DEBUG 20260518 19:44:47.903[restartedMain] [DefaultListableBeanFactory:306] - Creating shared instance of singleton bean 'servletWebServerFactoryCustomizer'
DEBUG 20260518 19:44:47.903[restartedMain] [DefaultListableBeanFactory:306] - Creating shared instance of singleton bean 'org.springframework.boot.web.server.autoconfigure.servlet.ServletWebServerConfiguration'
DEBUG 20260518 19:44:47.905[restartedMain] [DefaultListableBeanFactory:306] - Creating shared instance of singleton bean 'server-org.springframework.boot.web.server.autoconfigure.ServerProperties'
DEBUG 20260518 19:44:47.944[restartedMain] [DefaultListableBeanFactory:953] - Autowiring by type from bean name 'servletWebServerFactoryCustomizer' via factory method to bean named 'server-org.springframework.boot.web.server.autoconfigure.ServerProperties'
DEBUG 20260518 19:44:47.948[restartedMain] [DefaultListableBeanFactory:306] - Creating shared instance of singleton bean 'sslBundleRegistry'
DEBUG 20260518 19:44:47.949[restartedMain] [DefaultListableBeanFactory:306] - Creating shared instance of singleton bean 'org.springframework.boot.autoconfigure.ssl.SslAutoConfiguration'
DEBUG 20260518 19:44:47.949[restartedMain] [DefaultListableBeanFactory:306] - Creating shared instance of singleton bean 'spring.ssl-org.springframework.boot.autoconfigure.ssl.SslProperties'
DEBUG 20260518 19:44:47.954[restartedMain] [DefaultListableBeanFactory:953] - Autowiring by type from bean name 'org.springframework.boot.autoconfigure.ssl.SslAutoConfiguration' via constructor to bean named 'org.springframework.boot.web.server.servlet.context.AnnotationConfigServletWebServerApplicationContext@4d562c54'
DEBUG 20260518 19:44:47.955[restartedMain] [DefaultListableBeanFactory:953] - Autowiring by type from bean name 'org.springframework.boot.autoconfigure.ssl.SslAutoConfiguration' via constructor to bean named 'spring.ssl-org.springframework.boot.autoconfigure.ssl.SslProperties'
DEBUG 20260518 19:44:47.962[restartedMain] [DefaultListableBeanFactory:306] - Creating shared instance of singleton bean 'sslPropertiesSslBundleRegistrar'
DEBUG 20260518 19:44:47.962[restartedMain] [DefaultListableBeanFactory:306] - Creating shared instance of singleton bean 'fileWatcher'
DEBUG 20260518 19:44:47.964[restartedMain] [DefaultListableBeanFactory:953] - Autowiring by type from bean name 'sslPropertiesSslBundleRegistrar' via factory method to bean named 'fileWatcher'
DEBUG 20260518 19:44:47.974[restartedMain] [DefaultListableBeanFactory:306] - Creating shared instance of singleton bean 'webSocketWebServerCustomizer'
DEBUG 20260518 19:44:47.975[restartedMain] [DefaultListableBeanFactory:306] - Creating shared instance of singleton bean 'org.springframework.boot.tomcat.autoconfigure.TomcatWebServerConfiguration$TomcatWebSocketConfiguration'
DEBUG 20260518 19:44:47.976[restartedMain] [DefaultListableBeanFactory:306] - Creating shared instance of singleton bean 'tomcatWebServerFactoryCustomizer'
DEBUG 20260518 19:44:47.977[restartedMain] [DefaultListableBeanFactory:306] - Creating shared instance of singleton bean 'org.springframework.boot.tomcat.autoconfigure.TomcatWebServerConfiguration'
DEBUG 20260518 19:44:47.978[restartedMain] [DefaultListableBeanFactory:306] - Creating shared instance of singleton bean 'spring.web-org.springframework.boot.autoconfigure.web.WebProperties'
DEBUG 20260518 19:44:47.996[restartedMain] [DefaultListableBeanFactory:953] - Autowiring by type from bean name 'tomcatWebServerFactoryCustomizer' via factory method to bean named 'environment'
DEBUG 20260518 19:44:47.997[restartedMain] [DefaultListableBeanFactory:953] - Autowiring by type from bean name 'tomcatWebServerFactoryCustomizer' via factory method to bean named 'server-org.springframework.boot.web.server.autoconfigure.ServerProperties'
DEBUG 20260518 19:44:47.997[restartedMain] [DefaultListableBeanFactory:953] - Autowiring by type from bean name 'tomcatWebServerFactoryCustomizer' via factory method to bean named 'server.tomcat-org.springframework.boot.tomcat.autoconfigure.TomcatServerProperties'
DEBUG 20260518 19:44:47.997[restartedMain] [DefaultListableBeanFactory:953] - Autowiring by type from bean name 'tomcatWebServerFactoryCustomizer' via factory method to bean named 'spring.web-org.springframework.boot.autoconfigure.web.WebProperties'
DEBUG 20260518 19:44:48.001[restartedMain] [DefaultListableBeanFactory:306] - Creating shared instance of singleton bean 'tomcatServletWebServerFactoryCustomizer'
DEBUG 20260518 19:44:48.001[restartedMain] [DefaultListableBeanFactory:953] - Autowiring by type from bean name 'tomcatServletWebServerFactoryCustomizer' via factory method to bean named 'server.tomcat-org.springframework.boot.tomcat.autoconfigure.TomcatServerProperties'
DEBUG 20260518 19:44:48.045[restartedMain] [DefaultListableBeanFactory:306] - Creating shared instance of singleton bean 'errorPageCustomizer'
DEBUG 20260518 19:44:48.045[restartedMain] [DefaultListableBeanFactory:306] - Creating shared instance of singleton bean 'org.springframework.boot.webmvc.autoconfigure.error.ErrorMvcAutoConfiguration'
DEBUG 20260518 19:44:48.046[restartedMain] [DefaultListableBeanFactory:953] - Autowiring by type from bean name 'org.springframework.boot.webmvc.autoconfigure.error.ErrorMvcAutoConfiguration' via constructor to bean named 'spring.web-org.springframework.boot.autoconfigure.web.WebProperties'
DEBUG 20260518 19:44:48.048[restartedMain] [DefaultListableBeanFactory:306] - Creating shared instance of singleton bean 'dispatcherServletRegistration'
DEBUG 20260518 19:44:48.049[restartedMain] [DefaultListableBeanFactory:306] - Creating shared instance of singleton bean 'org.springframework.boot.webmvc.autoconfigure.DispatcherServletAutoConfiguration$DispatcherServletRegistrationConfiguration'
DEBUG 20260518 19:44:48.050[restartedMain] [DefaultListableBeanFactory:306] - Creating shared instance of singleton bean 'dispatcherServlet'
DEBUG 20260518 19:44:48.050[restartedMain] [DefaultListableBeanFactory:306] - Creating shared instance of singleton bean 'org.springframework.boot.webmvc.autoconfigure.DispatcherServletAutoConfiguration$DispatcherServletConfiguration'
DEBUG 20260518 19:44:48.052[restartedMain] [DefaultListableBeanFactory:306] - Creating shared instance of singleton bean 'spring.mvc-org.springframework.boot.webmvc.autoconfigure.WebMvcProperties'
DEBUG 20260518 19:44:48.062[restartedMain] [DefaultListableBeanFactory:953] - Autowiring by type from bean name 'dispatcherServlet' via factory method to bean named 'spring.mvc-org.springframework.boot.webmvc.autoconfigure.WebMvcProperties'
DEBUG 20260518 19:44:48.080[restartedMain] [DefaultListableBeanFactory:953] - Autowiring by type from bean name 'dispatcherServletRegistration' via factory method to bean named 'dispatcherServlet'
DEBUG 20260518 19:44:48.080[restartedMain] [DefaultListableBeanFactory:953] - Autowiring by type from bean name 'dispatcherServletRegistration' via factory method to bean named 'spring.mvc-org.springframework.boot.webmvc.autoconfigure.WebMvcProperties'
DEBUG 20260518 19:44:48.084[restartedMain] [DefaultListableBeanFactory:306] - Creating shared instance of singleton bean 'multipartConfigElement'
DEBUG 20260518 19:44:48.085[restartedMain] [DefaultListableBeanFactory:306] - Creating shared instance of singleton bean 'org.springframework.boot.servlet.autoconfigure.MultipartAutoConfiguration'
DEBUG 20260518 19:44:48.086[restartedMain] [DefaultListableBeanFactory:306] - Creating shared instance of singleton bean 'spring.servlet.multipart-org.springframework.boot.servlet.autoconfigure.MultipartProperties'
DEBUG 20260518 19:44:48.093[restartedMain] [DefaultListableBeanFactory:953] - Autowiring by type from bean name 'org.springframework.boot.servlet.autoconfigure.MultipartAutoConfiguration' via constructor to bean named 'spring.servlet.multipart-org.springframework.boot.servlet.autoconfigure.MultipartProperties'
DEBUG 20260518 19:44:48.099[restartedMain] [DefaultListableBeanFactory:953] - Autowiring by type from bean name 'errorPageCustomizer' via factory method to bean named 'dispatcherServletRegistration'
DEBUG 20260518 19:44:48.249[restartedMain] [TomcatServletWebServerFactory:82] - Code archive: C:\Users\smd08\.gradle\caches\modules-2\files-2.1\org.springframework.boot\spring-boot-web-server\4.0.6\8a087bc97418b3082fe402b3241260180fa7133e\spring-boot-web-server-4.0.6.jar
DEBUG 20260518 19:44:48.250[restartedMain] [TomcatServletWebServerFactory:126] - Code archive: C:\Users\smd08\.gradle\caches\modules-2\files-2.1\org.springframework.boot\spring-boot-web-server\4.0.6\8a087bc97418b3082fe402b3241260180fa7133e\spring-boot-web-server-4.0.6.jar
DEBUG 20260518 19:44:48.251[restartedMain] [TomcatServletWebServerFactory:150] - None of the document roots [src/main/webapp, public, static] point to a directory and will be ignored.
INFO  20260518 19:44:48.380[restartedMain] [TomcatWebServer:114] - Tomcat initialized with port 8080 (http)
INFO  20260518 19:44:48.400[restartedMain] [Http11NioProtocol:168] - Initializing ProtocolHandler ["http-nio-8080"]
INFO  20260518 19:44:48.402[restartedMain] [StandardService:168] - Starting service [Tomcat]
INFO  20260518 19:44:48.403[restartedMain] [StandardEngine:168] - Starting Servlet engine: [Apache Tomcat/11.0.21]
DEBUG 20260518 19:44:48.499[restartedMain] [WebApplicationContextInitializer:71] - Published root WebApplicationContext as ServletContext attribute with name [org.springframework.web.context.WebApplicationContext.ROOT]
INFO  20260518 19:44:48.500[restartedMain] [WebApplicationContextInitializer:77] - Root WebApplicationContext: initialization completed in 2665 ms
DEBUG 20260518 19:44:48.508[restartedMain] [DefaultListableBeanFactory:306] - Creating shared instance of singleton bean 'requestContextFilter'
DEBUG 20260518 19:44:48.512[restartedMain] [DefaultListableBeanFactory:306] - Creating shared instance of singleton bean 'formContentFilter'
DEBUG 20260518 19:44:48.512[restartedMain] [DefaultListableBeanFactory:306] - Creating shared instance of singleton bean 'org.springframework.boot.webmvc.autoconfigure.WebMvcAutoConfiguration'
DEBUG 20260518 19:44:48.515[restartedMain] [DefaultListableBeanFactory:306] - Creating shared instance of singleton bean 'characterEncodingFilter'
DEBUG 20260518 19:44:48.515[restartedMain] [DefaultListableBeanFactory:306] - Creating shared instance of singleton bean 'org.springframework.boot.servlet.autoconfigure.HttpEncodingAutoConfiguration'
DEBUG 20260518 19:44:48.516[restartedMain] [DefaultListableBeanFactory:306] - Creating shared instance of singleton bean 'spring.servlet.encoding-org.springframework.boot.servlet.autoconfigure.ServletEncodingProperties'
DEBUG 20260518 19:44:48.518[restartedMain] [DefaultListableBeanFactory:953] - Autowiring by type from bean name 'characterEncodingFilter' via factory method to bean named 'spring.servlet.encoding-org.springframework.boot.servlet.autoconfigure.ServletEncodingProperties'
DEBUG 20260518 19:44:48.528[restartedMain] [ServletContextInitializerBeans:255] - Mapping filters: characterEncodingFilter urls=[/*] order=-2147483648, formContentFilter urls=[/*] order=-9900, requestContextFilter urls=[/*] order=-105
DEBUG 20260518 19:44:48.528[restartedMain] [ServletContextInitializerBeans:255] - Mapping servlets: dispatcherServlet urls=[/]
DEBUG 20260518 19:44:48.572[restartedMain] [OrderedRequestContextFilter:236] - Filter 'requestContextFilter' configured for use
DEBUG 20260518 19:44:48.575[restartedMain] [OrderedCharacterEncodingFilter:236] - Filter 'characterEncodingFilter' configured for use
DEBUG 20260518 19:44:48.576[restartedMain] [OrderedFormContentFilter:236] - Filter 'formContentFilter' configured for use
DEBUG 20260518 19:44:48.598[restartedMain] [DefaultListableBeanFactory:306] - Creating shared instance of singleton bean 'applicationTaskExecutor'
DEBUG 20260518 19:44:48.599[restartedMain] [DefaultListableBeanFactory:306] - Creating shared instance of singleton bean 'org.springframework.boot.autoconfigure.task.TaskExecutorConfigurations$TaskExecutorConfiguration'
DEBUG 20260518 19:44:48.600[restartedMain] [DefaultListableBeanFactory:306] - Creating shared instance of singleton bean 'threadPoolTaskExecutorBuilder'
DEBUG 20260518 19:44:48.600[restartedMain] [DefaultListableBeanFactory:306] - Creating shared instance of singleton bean 'org.springframework.boot.autoconfigure.task.TaskExecutorConfigurations$ThreadPoolTaskExecutorBuilderConfiguration'
DEBUG 20260518 19:44:48.602[restartedMain] [DefaultListableBeanFactory:306] - Creating shared instance of singleton bean 'spring.task.execution-org.springframework.boot.autoconfigure.task.TaskExecutionProperties'
DEBUG 20260518 19:44:48.606[restartedMain] [DefaultListableBeanFactory:953] - Autowiring by type from bean name 'threadPoolTaskExecutorBuilder' via factory method to bean named 'spring.task.execution-org.springframework.boot.autoconfigure.task.TaskExecutionProperties'
DEBUG 20260518 19:44:48.611[restartedMain] [DefaultListableBeanFactory:953] - Autowiring by type from bean name 'applicationTaskExecutor' via factory method to bean named 'threadPoolTaskExecutorBuilder'
DEBUG 20260518 19:44:48.621[restartedMain] [ThreadPoolTaskExecutor:300] - Initializing ExecutorService 'applicationTaskExecutor'
DEBUG 20260518 19:44:48.626[restartedMain] [DefaultListableBeanFactory:306] - Creating shared instance of singleton bean 'inMemoryDatabaseShutdownExecutor'
DEBUG 20260518 19:44:48.626[restartedMain] [DefaultListableBeanFactory:306] - Creating shared instance of singleton bean 'org.springframework.boot.devtools.autoconfigure.DevToolsDataSourceAutoConfiguration'
DEBUG 20260518 19:44:48.627[restartedMain] [DefaultListableBeanFactory:306] - Creating shared instance of singleton bean 'dataSource'
DEBUG 20260518 19:44:48.627[restartedMain] [DefaultListableBeanFactory:306] - Creating shared instance of singleton bean 'org.springframework.boot.jdbc.autoconfigure.DataSourceConfiguration$Hikari'
DEBUG 20260518 19:44:48.628[restartedMain] [DefaultListableBeanFactory:306] - Creating shared instance of singleton bean 'spring.datasource-org.springframework.boot.jdbc.autoconfigure.DataSourceProperties'
DEBUG 20260518 19:44:48.640[restartedMain] [DefaultListableBeanFactory:306] - Creating shared instance of singleton bean 'jdbcConnectionDetails'
DEBUG 20260518 19:44:48.640[restartedMain] [DefaultListableBeanFactory:306] - Creating shared instance of singleton bean 'org.springframework.boot.jdbc.autoconfigure.DataSourceAutoConfiguration$PooledDataSourceConfiguration'
DEBUG 20260518 19:44:48.642[restartedMain] [DefaultListableBeanFactory:953] - Autowiring by type from bean name 'jdbcConnectionDetails' via factory method to bean named 'spring.datasource-org.springframework.boot.jdbc.autoconfigure.DataSourceProperties'
DEBUG 20260518 19:44:48.643[restartedMain] [DefaultListableBeanFactory:953] - Autowiring by type from bean name 'dataSource' via factory method to bean named 'spring.datasource-org.springframework.boot.jdbc.autoconfigure.DataSourceProperties'
DEBUG 20260518 19:44:48.643[restartedMain] [DefaultListableBeanFactory:953] - Autowiring by type from bean name 'dataSource' via factory method to bean named 'jdbcConnectionDetails'
DEBUG 20260518 19:44:48.643[restartedMain] [DefaultListableBeanFactory:953] - Autowiring by type from bean name 'dataSource' via factory method to bean named 'environment'
WARN  20260518 19:44:48.650[restartedMain] [AnnotationConfigServletWebServerApplicationContext:629] - Exception encountered during context initialization - cancelling refresh attempt: org.springframework.beans.factory.BeanCreationException: Error creating bean with name 'entityManagerFactory' defined in class path resource [org/springframework/boot/hibernate/autoconfigure/HibernateJpaConfiguration.class]: Failed to initialize dependency 'inMemoryDatabaseShutdownExecutor' of LoadTimeWeaverAware bean 'entityManagerFactory': Error creating bean with name 'inMemoryDatabaseShutdownExecutor' defined in class path resource [org/springframework/boot/devtools/autoconfigure/DevToolsDataSourceAutoConfiguration.class]: Unsatisfied dependency expressed through method 'inMemoryDatabaseShutdownExecutor' parameter 0: Error creating bean with name 'dataSource' defined in class path resource [org/springframework/boot/jdbc/autoconfigure/DataSourceConfiguration$Hikari.class]: Failed to instantiate [com.zaxxer.hikari.HikariDataSource]: Factory method 'dataSource' threw exception with message: Failed to determine a suitable driver class
DEBUG 20260518 19:44:48.650[restartedMain] [ThreadPoolTaskExecutor:366] - Shutting down ExecutorService 'applicationTaskExecutor'
INFO  20260518 19:44:48.656[restartedMain] [StandardService:168] - Stopping service [Tomcat]
DEBUG 20260518 19:44:48.692[restartedMain] [debug:372] - log4jdbc-logj2 properties initialization...
DEBUG 20260518 19:44:48.694[restartedMain] [debug:372] - Using logger: null
DEBUG 20260518 19:44:48.695[restartedMain] [debug:372] - x log4jdbc.debug.stack.prefix is not defined
DEBUG 20260518 19:44:48.695[restartedMain] [debug:372] - x log4jdbc.sqltiming.warn.threshold is not defined
DEBUG 20260518 19:44:48.695[restartedMain] [debug:372] - x log4jdbc.sqltiming.error.threshold is not defined
DEBUG 20260518 19:44:48.696[restartedMain] [debug:372] - x log4jdbc.dump.booleanastruefalse is not defined (using default value false)
DEBUG 20260518 19:44:48.696[restartedMain] [debug:372] - x log4jdbc.dump.sql.maxlinelength is not defined (using default of 90)
DEBUG 20260518 19:44:48.696[restartedMain] [debug:372] - x log4jdbc.dump.fulldebugstacktrace is not defined (using default value false)
DEBUG 20260518 19:44:48.696[restartedMain] [debug:372] - x log4jdbc.statement.warn is not defined (using default value false)
DEBUG 20260518 19:44:48.696[restartedMain] [debug:372] - x log4jdbc.dump.sql.select is not defined (using default value true)
DEBUG 20260518 19:44:48.696[restartedMain] [debug:372] - x log4jdbc.dump.sql.insert is not defined (using default value true)
DEBUG 20260518 19:44:48.696[restartedMain] [debug:372] - x log4jdbc.dump.sql.update is not defined (using default value true)
DEBUG 20260518 19:44:48.696[restartedMain] [debug:372] - x log4jdbc.dump.sql.delete is not defined (using default value true)
DEBUG 20260518 19:44:48.697[restartedMain] [debug:372] - x log4jdbc.dump.sql.create is not defined (using default value true)
DEBUG 20260518 19:44:48.697[restartedMain] [debug:372] - x log4jdbc.dump.sql.addsemicolon is not defined (using default value false)
DEBUG 20260518 19:44:48.697[restartedMain] [debug:372] - x log4jdbc.auto.load.popular.drivers is not defined (using default value true)
DEBUG 20260518 19:44:48.697[restartedMain] [debug:372] - x log4jdbc.drivers is not defined
DEBUG 20260518 19:44:48.697[restartedMain] [debug:372] - x log4jdbc.trim.sql is not defined (using default value true)
DEBUG 20260518 19:44:48.697[restartedMain] [debug:372] - x log4jdbc.trim.sql.extrablanklines is not defined (using default value true)
DEBUG 20260518 19:44:48.697[restartedMain] [debug:372] - x log4jdbc.suppress.generated.keys.exception is not defined (using default value false)
DEBUG 20260518 19:44:48.697[restartedMain] [debug:372] - log4jdbc-logj2 properties initialization done.
DEBUG 20260518 19:44:48.697[restartedMain] [debug:372] - DriverSpy intialization...
DEBUG 20260518 19:44:48.705[restartedMain] [debug:372] -   FOUND DRIVER com.mysql.jdbc.Driver
DEBUG 20260518 19:44:48.711[restartedMain] [debug:372] - DriverSpy intialization done.
DEBUG 20260518 19:44:48.721[restartedMain] [Restarter:69] - Creating new Restarter for thread Thread[#1,main,5,main]
DEBUG 20260518 19:44:48.721[restartedMain] [Restarter:69] - Immediately restarting application
DEBUG 20260518 19:44:48.721[restartedMain] [Restarter:69] - Starting application com.mjc813.swimpool.SwimpoolApplication with URLs [file:/C:/develop/KDTgit/codingtest/mydevelop/swimpool/build/classes/java/main/, file:/C:/develop/KDTgit/codingtest/mydevelop/swimpool/build/resources/main/]
DEBUG 20260518 19:44:48.732[restartedMain] [ConditionEvaluationReportLogger:72] - 


============================
CONDITIONS EVALUATION REPORT
============================


Positive matches:
-----------------

   AopAutoConfiguration matched:
      - @ConditionalOnBooleanProperty (spring.aop.auto=true) matched (OnPropertyCondition)

   AopAutoConfiguration.AspectJAutoProxyingConfiguration matched:
      - @ConditionalOnClass found required class 'org.aspectj.weaver.Advice' (OnClassCondition)

   AopAutoConfiguration.AspectJAutoProxyingConfiguration.CglibAutoProxyConfiguration matched:
      - @ConditionalOnBooleanProperty (spring.aop.proxy-target-class=true) matched (OnPropertyCondition)

   ApplicationAvailabilityAutoConfiguration#applicationAvailability matched:
      - @ConditionalOnMissingBean (types: org.springframework.boot.availability.ApplicationAvailability; SearchStrategy: all) did not find any beans (OnBeanCondition)

   DataJpaRepositoriesAutoConfiguration matched:
      - @ConditionalOnClass found required class 'org.springframework.data.jpa.repository.JpaRepository' (OnClassCondition)
      - @ConditionalOnBooleanProperty (spring.data.jpa.repositories.enabled=true) matched (OnPropertyCondition)
      - @ConditionalOnBean (types: javax.sql.DataSource; SearchStrategy: all) found bean 'dataSource'; @ConditionalOnMissingBean (types: org.springframework.data.jpa.repository.support.JpaRepositoryFactoryBean,org.springframework.data.jpa.repository.config.JpaRepositoryConfigExtension; SearchStrategy: all) did not find any beans (OnBeanCondition)

   DataSourceAutoConfiguration matched:
      - @ConditionalOnClass found required classes 'javax.sql.DataSource', 'org.springframework.jdbc.datasource.embedded.EmbeddedDatabaseType' (OnClassCondition)
      - @ConditionalOnMissingBean (types: io.r2dbc.spi.ConnectionFactory; SearchStrategy: all) did not find any beans (OnBeanCondition)

   DataSourceAutoConfiguration.PooledDataSourceConfiguration matched:
      - AnyNestedCondition 1 matched 1 did not; NestedCondition on DataSourceAutoConfiguration.PooledDataSourceCondition.PooledDataSourceAvailable PooledDataSource found supported DataSource; NestedCondition on DataSourceAutoConfiguration.PooledDataSourceCondition.ExplicitType @ConditionalOnProperty (spring.datasource.type) did not find property 'spring.datasource.type' (DataSourceAutoConfiguration.PooledDataSourceCondition)
      - @ConditionalOnMissingBean (types: javax.sql.DataSource,javax.sql.XADataSource; SearchStrategy: all) did not find any beans (OnBeanCondition)

   DataSourceAutoConfiguration.PooledDataSourceConfiguration#jdbcConnectionDetails matched:
      - @ConditionalOnMissingBean (types: org.springframework.boot.jdbc.autoconfigure.JdbcConnectionDetails; SearchStrategy: all) did not find any beans (OnBeanCondition)

   DataSourceConfiguration.Hikari matched:
      - @ConditionalOnClass found required class 'com.zaxxer.hikari.HikariDataSource' (OnClassCondition)
      - @ConditionalOnProperty (spring.datasource.type=com.zaxxer.hikari.HikariDataSource) matched (OnPropertyCondition)
      - @ConditionalOnMissingBean (types: javax.sql.DataSource; SearchStrategy: all) did not find any beans (OnBeanCondition)

   DataSourceInitializationAutoConfiguration matched:
      - @ConditionalOnClass found required class 'org.springframework.jdbc.datasource.init.DatabasePopulator' (OnClassCondition)
      - SQL InitializationDatabase Initialization default value is EMBEDDED (OnSqlInitializationCondition)
      - @ConditionalOnSingleCandidate (types: javax.sql.DataSource; SearchStrategy: all) found a single bean 'dataSource'; @ConditionalOnMissingBean (types: org.springframework.boot.sql.autoconfigure.init.ApplicationScriptDatabaseInitializer; SearchStrategy: all) did not find any beans (OnBeanCondition)

   DataSourceJmxConfiguration matched:
      - @ConditionalOnBooleanProperty (spring.jmx.enabled=true) matched (OnPropertyCondition)

   DataSourceJmxConfiguration.Hikari matched:
      - @ConditionalOnClass found required class 'com.zaxxer.hikari.HikariDataSource' (OnClassCondition)
      - @ConditionalOnSingleCandidate (types: javax.sql.DataSource; SearchStrategy: all) found a single bean 'dataSource' (OnBeanCondition)

   DataSourcePoolMetadataProvidersConfiguration.HikariPoolDataSourceMetadataProviderConfiguration matched:
      - @ConditionalOnClass found required class 'com.zaxxer.hikari.HikariDataSource' (OnClassCondition)

   DataSourceTransactionManagerAutoConfiguration matched:
      - @ConditionalOnClass found required classes 'javax.sql.DataSource', 'org.springframework.jdbc.core.JdbcTemplate', 'org.springframework.transaction.TransactionManager' (OnClassCondition)

   DataSourceTransactionManagerAutoConfiguration.JdbcTransactionManagerConfiguration matched:
      - @ConditionalOnSingleCandidate (types: javax.sql.DataSource; SearchStrategy: all) found a single bean 'dataSource' (OnBeanCondition)

   DataWebAutoConfiguration matched:
      - @ConditionalOnClass found required classes 'org.springframework.data.web.PageableHandlerMethodArgumentResolver', 'org.springframework.web.servlet.config.annotation.WebMvcConfigurer' (OnClassCondition)
      - found 'session' scope (OnWebApplicationCondition)
      - @ConditionalOnMissingBean (types: org.springframework.data.web.PageableHandlerMethodArgumentResolver; SearchStrategy: all) did not find any beans (OnBeanCondition)

   DataWebAutoConfiguration#pageableCustomizer matched:
      - @ConditionalOnMissingBean (types: org.springframework.data.web.config.PageableHandlerMethodArgumentResolverCustomizer; SearchStrategy: all) did not find any beans (OnBeanCondition)

   DataWebAutoConfiguration#sortCustomizer matched:
      - @ConditionalOnMissingBean (types: org.springframework.data.web.config.SortHandlerMethodArgumentResolverCustomizer; SearchStrategy: all) did not find any beans (OnBeanCondition)

   DataWebAutoConfiguration#springDataWebSettings matched:
      - @ConditionalOnMissingBean (types: org.springframework.data.web.config.SpringDataWebSettings; SearchStrategy: all) did not find any beans (OnBeanCondition)

   DevToolsDataSourceAutoConfiguration matched:
      - @ConditionalOnClass found required class 'javax.sql.DataSource' (OnClassCondition)
      - Devtools devtools enabled. (OnEnabledDevToolsCondition)
      - DevTools DataSource Condition found auto-configured DataSource (DevToolsDataSourceAutoConfiguration.DevToolsDataSourceCondition)

   DevToolsDataSourceAutoConfiguration.DatabaseShutdownExecutorEntityManagerFactoryDependsOnConfiguration matched:
      - @ConditionalOnClass found required classes 'org.springframework.boot.jpa.autoconfigure.EntityManagerFactoryDependsOnPostProcessor', 'org.springframework.orm.jpa.LocalContainerEntityManagerFactoryBean' (OnClassCondition)
      - @ConditionalOnBean (types: org.springframework.orm.jpa.AbstractEntityManagerFactoryBean; SearchStrategy: all) found bean '&entityManagerFactory' (OnBeanCondition)

   DispatcherServletAutoConfiguration matched:
      - @ConditionalOnClass found required class 'org.springframework.web.servlet.DispatcherServlet' (OnClassCondition)
      - found 'session' scope (OnWebApplicationCondition)

   DispatcherServletAutoConfiguration.DispatcherServletConfiguration matched:
      - @ConditionalOnClass found required class 'jakarta.servlet.ServletRegistration' (OnClassCondition)
      - Default DispatcherServlet did not find dispatcher servlet beans (DispatcherServletAutoConfiguration.DefaultDispatcherServletCondition)

   DispatcherServletAutoConfiguration.DispatcherServletRegistrationConfiguration matched:
      - @ConditionalOnClass found required class 'jakarta.servlet.ServletRegistration' (OnClassCondition)
      - DispatcherServlet Registration did not find servlet registration bean (DispatcherServletAutoConfiguration.DispatcherServletRegistrationCondition)

   DispatcherServletAutoConfiguration.DispatcherServletRegistrationConfiguration#dispatcherServletRegistration matched:
      - @ConditionalOnBean (names: dispatcherServlet types: org.springframework.web.servlet.DispatcherServlet; SearchStrategy: all) found bean 'dispatcherServlet' (OnBeanCondition)

   ErrorMvcAutoConfiguration matched:
      - @ConditionalOnClass found required classes 'jakarta.servlet.Servlet', 'org.springframework.web.servlet.DispatcherServlet' (OnClassCondition)
      - found 'session' scope (OnWebApplicationCondition)

   ErrorMvcAutoConfiguration#basicErrorController matched:
      - @ConditionalOnMissingBean (types: org.springframework.boot.webmvc.error.ErrorController; SearchStrategy: current) did not find any beans (OnBeanCondition)

   ErrorMvcAutoConfiguration#errorAttributes matched:
      - @ConditionalOnMissingBean (types: org.springframework.boot.webmvc.error.ErrorAttributes; SearchStrategy: current) did not find any beans (OnBeanCondition)

   ErrorMvcAutoConfiguration.DefaultErrorViewResolverConfiguration#conventionErrorViewResolver matched:
      - @ConditionalOnBean (types: org.springframework.web.servlet.DispatcherServlet; SearchStrategy: all) found bean 'dispatcherServlet'; @ConditionalOnMissingBean (types: org.springframework.boot.webmvc.autoconfigure.error.ErrorViewResolver; SearchStrategy: all) did not find any beans (OnBeanCondition)

   ErrorMvcAutoConfiguration.WhitelabelErrorViewConfiguration matched:
      - @ConditionalOnBooleanProperty (spring.web.error.whitelabel.enabled=true) matched (OnPropertyCondition)
      - ErrorTemplate Missing did not find error template view (ErrorMvcAutoConfiguration.ErrorTemplateMissingCondition)

   ErrorMvcAutoConfiguration.WhitelabelErrorViewConfiguration#beanNameViewResolver matched:
      - @ConditionalOnMissingBean (types: org.springframework.web.servlet.view.BeanNameViewResolver; SearchStrategy: all) did not find any beans (OnBeanCondition)

   ErrorMvcAutoConfiguration.WhitelabelErrorViewConfiguration#defaultErrorView matched:
      - @ConditionalOnMissingBean (names: error; SearchStrategy: all) did not find any beans (OnBeanCondition)

   FlywayAutoConfiguration matched:
      - @ConditionalOnClass found required class 'org.flywaydb.core.Flyway' (OnClassCondition)
      - @ConditionalOnBooleanProperty (spring.flyway.enabled=true) matched (OnPropertyCondition)
      - AnyNestedCondition 2 matched 1 did not; NestedCondition on FlywayAutoConfiguration.FlywayDataSourceCondition.FlywayUrlCondition @ConditionalOnProperty (spring.flyway.url) did not find property 'spring.flyway.url'; NestedCondition on FlywayAutoConfiguration.FlywayDataSourceCondition.JdbcConnectionDetailsCondition @ConditionalOnBean (types: org.springframework.boot.jdbc.autoconfigure.JdbcConnectionDetails; SearchStrategy: all) found bean 'jdbcConnectionDetails'; NestedCondition on FlywayAutoConfiguration.FlywayDataSourceCondition.DataSourceBeanCondition @ConditionalOnBean (types: javax.sql.DataSource; SearchStrategy: all) found bean 'dataSource' (FlywayAutoConfiguration.FlywayDataSourceCondition)

   FlywayAutoConfiguration.FlywayConfiguration matched:
      - @ConditionalOnClass found required class 'org.springframework.jdbc.support.JdbcUtils' (OnClassCondition)
      - @ConditionalOnMissingBean (types: org.flywaydb.core.Flyway; SearchStrategy: all) did not find any beans (OnBeanCondition)

   FlywayAutoConfiguration.FlywayConfiguration#flywayConnectionDetails matched:
      - @ConditionalOnMissingBean (types: org.springframework.boot.flyway.autoconfigure.FlywayConnectionDetails; SearchStrategy: all) did not find any beans (OnBeanCondition)

   FlywayAutoConfiguration.FlywayConfiguration#flywayInitializer matched:
      - @ConditionalOnMissingBean (types: org.springframework.boot.flyway.autoconfigure.FlywayMigrationInitializer; SearchStrategy: all) did not find any beans (OnBeanCondition)

   HibernateJpaAutoConfiguration matched:
      - @ConditionalOnClass found required classes 'org.springframework.orm.jpa.LocalContainerEntityManagerFactoryBean', 'jakarta.persistence.EntityManager', 'org.hibernate.engine.spi.SessionImplementor' (OnClassCondition)

   HibernateJpaConfiguration matched:
      - @ConditionalOnSingleCandidate (types: javax.sql.DataSource; SearchStrategy: all) found a single bean 'dataSource' (OnBeanCondition)

   HttpEncodingAutoConfiguration matched:
      - @ConditionalOnClass found required class 'org.springframework.web.filter.CharacterEncodingFilter' (OnClassCondition)
      - found 'session' scope (OnWebApplicationCondition)
      - @ConditionalOnBooleanProperty (spring.servlet.encoding.enabled=true) matched (OnPropertyCondition)

   HttpEncodingAutoConfiguration#characterEncodingFilter matched:
      - @ConditionalOnMissingBean (types: org.springframework.web.filter.CharacterEncodingFilter; SearchStrategy: all) did not find any beans (OnBeanCondition)

   HttpMessageConvertersAutoConfiguration matched:
      - @ConditionalOnClass found required class 'org.springframework.http.converter.HttpMessageConverter' (OnClassCondition)
      - NoneNestedConditions 0 matched 1 did not; NestedCondition on HttpMessageConvertersAutoConfiguration.NotReactiveWebApplicationCondition.ReactiveWebApplication did not find reactive web application classes (HttpMessageConvertersAutoConfiguration.NotReactiveWebApplicationCondition)

   HttpMessageConvertersAutoConfiguration.StringHttpMessageConverterConfiguration#stringHttpMessageConvertersCustomizer matched:
      - @ConditionalOnMissingBean (types: org.springframework.http.converter.StringHttpMessageConverter; SearchStrategy: all) did not find any beans (OnBeanCondition)

   JacksonAutoConfiguration matched:
      - @ConditionalOnClass found required class 'tools.jackson.databind.json.JsonMapper' (OnClassCondition)

   JacksonAutoConfiguration#jacksonJsonMapper matched:
      - @ConditionalOnMissingBean (types: tools.jackson.databind.json.JsonMapper; SearchStrategy: all) did not find any beans (OnBeanCondition)

   JacksonAutoConfiguration#jsonMapperBuilder matched:
      - @ConditionalOnMissingBean (types: tools.jackson.databind.json.JsonMapper$Builder; SearchStrategy: all) did not find any beans (OnBeanCondition)

   JacksonAutoConfiguration.JsonProblemDetailsConfiguration matched:
      - @ConditionalOnClass found required class 'org.springframework.http.ProblemDetail' (OnClassCondition)

   JacksonHttpMessageConvertersConfiguration.JacksonJsonHttpMessageConverterConfiguration matched:
      - @ConditionalOnClass found required class 'tools.jackson.databind.json.JsonMapper' (OnClassCondition)
      - @ConditionalOnProperty (spring.http.converters.preferred-json-mapper=jackson) matched (OnPropertyCondition)
      - @ConditionalOnBean (types: tools.jackson.databind.json.JsonMapper; SearchStrategy: all) found bean 'jacksonJsonMapper' (OnBeanCondition)

   JacksonHttpMessageConvertersConfiguration.JacksonJsonHttpMessageConverterConfiguration#jacksonJsonHttpMessageConvertersCustomizer matched:
      - @ConditionalOnMissingBean (types: org.springframework.http.converter.json.JacksonJsonHttpMessageConverter ignored: org.springframework.hateoas.server.mvc.TypeConstrainedJacksonJsonHttpMessageConverter,org.springframework.data.rest.webmvc.alps.AlpsJacksonJsonHttpMessageConverter; SearchStrategy: all) did not find any beans (OnBeanCondition)

   JdbcClientAutoConfiguration matched:
      - @ConditionalOnSingleCandidate (types: org.springframework.jdbc.core.namedparam.NamedParameterJdbcTemplate; SearchStrategy: all) found a single bean 'namedParameterJdbcTemplate'; @ConditionalOnMissingBean (types: org.springframework.jdbc.core.simple.JdbcClient; SearchStrategy: all) did not find any beans (OnBeanCondition)

   JdbcTemplateAutoConfiguration matched:
      - @ConditionalOnClass found required classes 'javax.sql.DataSource', 'org.springframework.jdbc.core.JdbcTemplate' (OnClassCondition)
      - @ConditionalOnSingleCandidate (types: javax.sql.DataSource; SearchStrategy: all) found a single bean 'dataSource' (OnBeanCondition)

   JdbcTemplateConfiguration matched:
      - @ConditionalOnMissingBean (types: org.springframework.jdbc.core.JdbcOperations; SearchStrategy: all) did not find any beans (OnBeanCondition)

   JmxAutoConfiguration matched:
      - @ConditionalOnClass found required class 'org.springframework.jmx.export.MBeanExporter' (OnClassCondition)
      - @ConditionalOnBooleanProperty (spring.jmx.enabled=true) matched (OnPropertyCondition)

   JmxAutoConfiguration#mbeanExporter matched:
      - @ConditionalOnMissingBean (types: org.springframework.jmx.export.MBeanExporter; SearchStrategy: current) did not find any beans (OnBeanCondition)

   JmxAutoConfiguration#mbeanServer matched:
      - @ConditionalOnMissingBean (types: javax.management.MBeanServer; SearchStrategy: all) did not find any beans (OnBeanCondition)

   JmxAutoConfiguration#objectNamingStrategy matched:
      - @ConditionalOnMissingBean (types: org.springframework.jmx.export.naming.ObjectNamingStrategy; SearchStrategy: current) did not find any beans (OnBeanCondition)

   JpaBaseConfiguration#entityManagerFactory matched:
      - @ConditionalOnMissingBean (types: org.springframework.orm.jpa.LocalContainerEntityManagerFactoryBean,jakarta.persistence.EntityManagerFactory; SearchStrategy: all) did not find any beans (OnBeanCondition)

   JpaBaseConfiguration#entityManagerFactoryBuilder matched:
      - @ConditionalOnMissingBean (types: org.springframework.boot.jpa.EntityManagerFactoryBuilder; SearchStrategy: all) did not find any beans (OnBeanCondition)

   JpaBaseConfiguration#jpaVendorAdapter matched:
      - @ConditionalOnMissingBean (types: org.springframework.orm.jpa.JpaVendorAdapter; SearchStrategy: all) did not find any beans (OnBeanCondition)

   JpaBaseConfiguration#transactionManager matched:
      - @ConditionalOnMissingBean (types: org.springframework.transaction.TransactionManager; SearchStrategy: all) did not find any beans (OnBeanCondition)

   JpaBaseConfiguration.JpaWebConfiguration matched:
      - @ConditionalOnClass found required class 'org.springframework.web.servlet.config.annotation.WebMvcConfigurer' (OnClassCondition)
      - found 'session' scope (OnWebApplicationCondition)
      - @ConditionalOnBooleanProperty (spring.jpa.open-in-view=true) matched (OnPropertyCondition)
      - @ConditionalOnMissingBean (types: org.springframework.orm.jpa.support.OpenEntityManagerInViewInterceptor,org.springframework.orm.jpa.support.OpenEntityManagerInViewFilter; SearchStrategy: all) did not find any beans (OnBeanCondition)

   JpaBaseConfiguration.PersistenceManagedTypesConfiguration matched:
      - @ConditionalOnMissingBean (types: org.springframework.orm.jpa.LocalContainerEntityManagerFactoryBean,jakarta.persistence.EntityManagerFactory; SearchStrategy: all) did not find any beans (OnBeanCondition)

   JpaBaseConfiguration.PersistenceManagedTypesConfiguration#persistenceManagedTypes matched:
      - @ConditionalOnMissingBean (types: org.springframework.orm.jpa.persistenceunit.PersistenceManagedTypes; SearchStrategy: all) did not find any beans (OnBeanCondition)

   JtaAutoConfiguration matched:
      - @ConditionalOnClass found required class 'jakarta.transaction.Transaction' (OnClassCondition)
      - @ConditionalOnBooleanProperty (spring.jta.enabled=true) matched (OnPropertyCondition)

   LifecycleAutoConfiguration#defaultLifecycleProcessor matched:
      - @ConditionalOnMissingBean (names: lifecycleProcessor; SearchStrategy: current) did not find any beans (OnBeanCondition)

   LocalDevToolsAutoConfiguration matched:
      - Initialized Restarter Condition available and initialized (OnInitializedRestarterCondition)

   LocalDevToolsAutoConfiguration.RestartConfiguration matched:
      - @ConditionalOnBooleanProperty (spring.devtools.restart.enabled=true) matched (OnPropertyCondition)

   LocalDevToolsAutoConfiguration.RestartConfiguration#classPathFileSystemWatcher matched:
      - @ConditionalOnMissingBean (types: org.springframework.boot.devtools.classpath.ClassPathFileSystemWatcher; SearchStrategy: all) did not find any beans (OnBeanCondition)

   LocalDevToolsAutoConfiguration.RestartConfiguration#classPathRestartStrategy matched:
      - @ConditionalOnMissingBean (types: org.springframework.boot.devtools.classpath.ClassPathRestartStrategy; SearchStrategy: all) did not find any beans (OnBeanCondition)

   LocalDevToolsAutoConfiguration.RestartConfiguration#conditionEvaluationDeltaLoggingListener matched:
      - @ConditionalOnBooleanProperty (spring.devtools.restart.log-condition-evaluation-delta=true) matched (OnPropertyCondition)

   MultipartAutoConfiguration matched:
      - @ConditionalOnClass found required classes 'jakarta.servlet.Servlet', 'org.springframework.web.multipart.support.StandardServletMultipartResolver', 'jakarta.servlet.MultipartConfigElement' (OnClassCondition)
      - found 'session' scope (OnWebApplicationCondition)
      - @ConditionalOnBooleanProperty (spring.servlet.multipart.enabled=true) matched (OnPropertyCondition)

   MultipartAutoConfiguration#multipartConfigElement matched:
      - @ConditionalOnMissingBean (types: jakarta.servlet.MultipartConfigElement; SearchStrategy: all) did not find any beans (OnBeanCondition)

   MultipartAutoConfiguration#multipartResolver matched:
      - @ConditionalOnMissingBean (types: org.springframework.web.multipart.MultipartResolver; SearchStrategy: all) did not find any beans (OnBeanCondition)

   NamedParameterJdbcTemplateConfiguration matched:
      - @ConditionalOnSingleCandidate (types: org.springframework.jdbc.core.JdbcTemplate; SearchStrategy: all) found a single bean 'jdbcTemplate'; @ConditionalOnMissingBean (types: org.springframework.jdbc.core.namedparam.NamedParameterJdbcOperations; SearchStrategy: all) did not find any beans (OnBeanCondition)

   PersistenceExceptionTranslationAutoConfiguration matched:
      - @ConditionalOnClass found required class 'org.springframework.dao.annotation.PersistenceExceptionTranslationPostProcessor' (OnClassCondition)

   PersistenceExceptionTranslationAutoConfiguration#persistenceExceptionTranslationPostProcessor matched:
      - @ConditionalOnBooleanProperty (spring.persistence.exceptiontranslation.enabled=true) matched (OnPropertyCondition)
      - @ConditionalOnMissingBean (types: org.springframework.dao.annotation.PersistenceExceptionTranslationPostProcessor; SearchStrategy: all) did not find any beans (OnBeanCondition)

   PropertyPlaceholderAutoConfiguration#propertySourcesPlaceholderConfigurer matched:
      - @ConditionalOnMissingBean (types: org.springframework.context.support.PropertySourcesPlaceholderConfigurer; SearchStrategy: current) did not find any beans (OnBeanCondition)

   SpringApplicationAdminJmxAutoConfiguration matched:
      - @ConditionalOnBooleanProperty (spring.application.admin.enabled=true) matched (OnPropertyCondition)

   SpringApplicationAdminJmxAutoConfiguration#springApplicationAdminRegistrar matched:
      - @ConditionalOnMissingBean (types: org.springframework.boot.admin.SpringApplicationAdminMXBeanRegistrar; SearchStrategy: all) did not find any beans (OnBeanCondition)

   SslAutoConfiguration#sslBundleRegistry matched:
      - @ConditionalOnMissingBean (types: org.springframework.boot.ssl.SslBundleRegistry,org.springframework.boot.ssl.SslBundles; SearchStrategy: all) did not find any beans (OnBeanCondition)

   TaskExecutionAutoConfiguration matched:
      - @ConditionalOnClass found required class 'org.springframework.scheduling.concurrent.ThreadPoolTaskExecutor' (OnClassCondition)

   TaskExecutorConfigurations.AsyncConfigurerConfiguration matched:
      - @ConditionalOnMissingBean (types: org.springframework.scheduling.annotation.AsyncConfigurer; SearchStrategy: all) did not find any beans (OnBeanCondition)

   TaskExecutorConfigurations.SimpleAsyncTaskExecutorBuilderConfiguration#simpleAsyncTaskExecutorBuilder matched:
      - @ConditionalOnMissingBean (types: org.springframework.boot.task.SimpleAsyncTaskExecutorBuilder; SearchStrategy: all) did not find any beans (OnBeanCondition)
      - @ConditionalOnThreading found PLATFORM (OnThreadingCondition)

   TaskExecutorConfigurations.TaskExecutorConfiguration matched:
      - AnyNestedCondition 1 matched 1 did not; NestedCondition on TaskExecutorConfigurations.OnExecutorCondition.ModelCondition @ConditionalOnProperty (spring.task.execution.mode=force) did not find property 'spring.task.execution.mode'; NestedCondition on TaskExecutorConfigurations.OnExecutorCondition.ExecutorBeanCondition @ConditionalOnMissingBean (types: java.util.concurrent.Executor; SearchStrategy: all) did not find any beans (TaskExecutorConfigurations.OnExecutorCondition)

   TaskExecutorConfigurations.TaskExecutorConfiguration#applicationTaskExecutor matched:
      - @ConditionalOnThreading found PLATFORM (OnThreadingCondition)

   TaskExecutorConfigurations.ThreadPoolTaskExecutorBuilderConfiguration#threadPoolTaskExecutorBuilder matched:
      - @ConditionalOnMissingBean (types: org.springframework.boot.task.ThreadPoolTaskExecutorBuilder; SearchStrategy: all) did not find any beans (OnBeanCondition)

   TaskSchedulingAutoConfiguration matched:
      - @ConditionalOnClass found required class 'org.springframework.scheduling.concurrent.ThreadPoolTaskScheduler' (OnClassCondition)

   TaskSchedulingConfigurations.SimpleAsyncTaskSchedulerBuilderConfiguration#simpleAsyncTaskSchedulerBuilder matched:
      - @ConditionalOnMissingBean (types: org.springframework.boot.task.SimpleAsyncTaskSchedulerBuilder; SearchStrategy: all) did not find any beans (OnBeanCondition)
      - @ConditionalOnThreading found PLATFORM (OnThreadingCondition)

   TaskSchedulingConfigurations.ThreadPoolTaskSchedulerBuilderConfiguration#threadPoolTaskSchedulerBuilder matched:
      - @ConditionalOnMissingBean (types: org.springframework.boot.task.ThreadPoolTaskSchedulerBuilder; SearchStrategy: all) did not find any beans (OnBeanCondition)

   TomcatServletWebServerAutoConfiguration matched:
      - @ConditionalOnClass found required classes 'jakarta.servlet.ServletRequest', 'org.apache.catalina.startup.Tomcat', 'org.apache.coyote.UpgradeProtocol', 'org.springframework.boot.tomcat.servlet.TomcatServletWebServerFactory' (OnClassCondition)
      - found 'session' scope (OnWebApplicationCondition)

   TomcatServletWebServerAutoConfiguration#tomcatServletWebServerFactory matched:
      - @ConditionalOnMissingBean (types: org.springframework.boot.web.server.servlet.ServletWebServerFactory; SearchStrategy: current) did not find any beans (OnBeanCondition)

   TomcatWebServerConfiguration matched:
      - @ConditionalOnWarDeployment the application is not deployed as a WAR file. (OnWarDeploymentCondition)

   TomcatWebServerConfiguration.TomcatWebSocketConfiguration matched:
      - @ConditionalOnClass found required class 'org.apache.tomcat.websocket.server.WsSci' (OnClassCondition)

   TransactionAutoConfiguration matched:
      - @ConditionalOnClass found required class 'org.springframework.transaction.PlatformTransactionManager' (OnClassCondition)

   TransactionAutoConfiguration.EnableTransactionManagementConfiguration matched:
      - @ConditionalOnBean (types: org.springframework.transaction.TransactionManager; SearchStrategy: all) found bean 'transactionManager'; @ConditionalOnMissingBean (types: org.springframework.transaction.annotation.AbstractTransactionManagementConfiguration; SearchStrategy: all) did not find any beans (OnBeanCondition)

   TransactionAutoConfiguration.EnableTransactionManagementConfiguration.CglibAutoProxyConfiguration matched:
      - @ConditionalOnBooleanProperty (spring.aop.proxy-target-class=true) matched (OnPropertyCondition)

   TransactionAutoConfiguration.TransactionTemplateConfiguration matched:
      - @ConditionalOnSingleCandidate (types: org.springframework.transaction.PlatformTransactionManager; SearchStrategy: all) found a single bean 'transactionManager' (OnBeanCondition)

   TransactionAutoConfiguration.TransactionTemplateConfiguration#transactionTemplate matched:
      - @ConditionalOnMissingBean (types: org.springframework.transaction.support.TransactionOperations; SearchStrategy: all) did not find any beans (OnBeanCondition)

   TransactionManagerCustomizationAutoConfiguration matched:
      - @ConditionalOnClass found required class 'org.springframework.transaction.PlatformTransactionManager' (OnClassCondition)

   TransactionManagerCustomizationAutoConfiguration#platformTransactionManagerCustomizers matched:
      - @ConditionalOnMissingBean (types: org.springframework.boot.transaction.autoconfigure.TransactionManagerCustomizers; SearchStrategy: all) did not find any beans (OnBeanCondition)

   WebMvcAutoConfiguration matched:
      - @ConditionalOnClass found required classes 'jakarta.servlet.Servlet', 'org.springframework.web.servlet.DispatcherServlet', 'org.springframework.web.servlet.config.annotation.WebMvcConfigurer' (OnClassCondition)
      - found 'session' scope (OnWebApplicationCondition)
      - @ConditionalOnMissingBean (types: org.springframework.web.servlet.config.annotation.WebMvcConfigurationSupport; SearchStrategy: all) did not find any beans (OnBeanCondition)

   WebMvcAutoConfiguration#formContentFilter matched:
      - @ConditionalOnBooleanProperty (spring.mvc.formcontent.filter.enabled=true) matched (OnPropertyCondition)
      - @ConditionalOnMissingBean (types: org.springframework.web.filter.FormContentFilter; SearchStrategy: all) did not find any beans (OnBeanCondition)

   WebMvcAutoConfiguration.EnableWebMvcConfiguration#flashMapManager matched:
      - @ConditionalOnMissingBean (names: flashMapManager; SearchStrategy: all) did not find any beans (OnBeanCondition)

   WebMvcAutoConfiguration.EnableWebMvcConfiguration#localeResolver matched:
      - @ConditionalOnMissingBean (names: localeResolver; SearchStrategy: all) did not find any beans (OnBeanCondition)

   WebMvcAutoConfiguration.EnableWebMvcConfiguration#viewNameTranslator matched:
      - @ConditionalOnMissingBean (names: viewNameTranslator; SearchStrategy: all) did not find any beans (OnBeanCondition)

   WebMvcAutoConfiguration.WebMvcAutoConfigurationAdapter#defaultViewResolver matched:
      - @ConditionalOnMissingBean (types: org.springframework.web.servlet.view.InternalResourceViewResolver; SearchStrategy: all) did not find any beans (OnBeanCondition)

   WebMvcAutoConfiguration.WebMvcAutoConfigurationAdapter#requestContextFilter matched:
      - @ConditionalOnMissingBean (types: org.springframework.web.context.request.RequestContextListener,org.springframework.web.filter.RequestContextFilter; SearchStrategy: all) did not find any beans (OnBeanCondition)

   WebMvcAutoConfiguration.WebMvcAutoConfigurationAdapter#viewResolver matched:
      - @ConditionalOnBean (types: org.springframework.web.servlet.ViewResolver; SearchStrategy: all) found beans 'defaultViewResolver', 'beanNameViewResolver', 'mvcViewResolver'; @ConditionalOnMissingBean (names: viewResolver types: org.springframework.web.servlet.view.ContentNegotiatingViewResolver; SearchStrategy: all) did not find any beans (OnBeanCondition)


Negative matches:
-----------------

   AopAutoConfiguration.AspectJAutoProxyingConfiguration.JdkDynamicAutoProxyConfiguration:
      Did not match:
         - @ConditionalOnBooleanProperty (spring.aop.proxy-target-class=false) did not find property 'spring.aop.proxy-target-class' (OnPropertyCondition)

   AopAutoConfiguration.ClassProxyingConfiguration:
      Did not match:
         - @ConditionalOnMissingClass found unwanted class 'org.aspectj.weaver.Advice' (OnClassCondition)

   DataJpaRepositoriesAutoConfiguration#entityManagerFactoryBootstrapExecutorCustomizer:
      Did not match:
         - AnyNestedCondition 0 matched 2 did not; NestedCondition on DataJpaRepositoriesAutoConfiguration.BootstrapExecutorCondition.LazyBootstrapMode @ConditionalOnProperty (spring.data.jpa.repositories.bootstrap-mode=lazy) did not find property 'spring.data.jpa.repositories.bootstrap-mode'; NestedCondition on DataJpaRepositoriesAutoConfiguration.BootstrapExecutorCondition.DeferredBootstrapMode @ConditionalOnProperty (spring.data.jpa.repositories.bootstrap-mode=deferred) did not find property 'spring.data.jpa.repositories.bootstrap-mode' (DataJpaRepositoriesAutoConfiguration.BootstrapExecutorCondition)

   DataRepositoryMetricsAutoConfiguration:
      Did not match:
         - @ConditionalOnBean did not find required type 'io.micrometer.core.instrument.MeterRegistry' (OnBeanCondition)

   DataSourceAutoConfiguration.EmbeddedDatabaseConfiguration:
      Did not match:
         - EmbeddedDataSource found supported pooled data source (DataSourceAutoConfiguration.EmbeddedDatabaseCondition)

   DataSourceCheckpointRestoreConfiguration:
      Did not match:
         - @ConditionalOnClass did not find required class 'org.crac.Resource' (OnClassCondition)

   DataSourceConfiguration.Dbcp2:
      Did not match:
         - @ConditionalOnClass did not find required class 'org.apache.commons.dbcp2.BasicDataSource' (OnClassCondition)

   DataSourceConfiguration.Generic:
      Did not match:
         - @ConditionalOnProperty (spring.datasource.type) did not find property 'spring.datasource.type' (OnPropertyCondition)

   DataSourceConfiguration.OracleUcp:
      Did not match:
         - @ConditionalOnClass did not find required classes 'oracle.ucp.jdbc.PoolDataSourceImpl', 'oracle.jdbc.OracleConnection' (OnClassCondition)

   DataSourceConfiguration.Tomcat:
      Did not match:
         - @ConditionalOnClass did not find required class 'org.apache.tomcat.jdbc.pool.DataSource' (OnClassCondition)

   DataSourceHealthContributorAutoConfiguration:
      Did not match:
         - @ConditionalOnClass did not find required class 'org.springframework.boot.health.autoconfigure.contributor.ConditionalOnEnabledHealthIndicator' (OnClassCondition)

   DataSourceJmxConfiguration.TomcatDataSourceJmxConfiguration:
      Did not match:
         - @ConditionalOnClass did not find required class 'org.apache.tomcat.jdbc.pool.DataSourceProxy' (OnClassCondition)

   DataSourcePoolMetadataProvidersConfiguration.CommonsDbcp2PoolDataSourceMetadataProviderConfiguration:
      Did not match:
         - @ConditionalOnClass did not find required class 'org.apache.commons.dbcp2.BasicDataSource' (OnClassCondition)

   DataSourcePoolMetadataProvidersConfiguration.OracleUcpPoolDataSourceMetadataProviderConfiguration:
      Did not match:
         - @ConditionalOnClass did not find required classes 'oracle.ucp.jdbc.PoolDataSource', 'oracle.jdbc.OracleConnection' (OnClassCondition)

   DataSourcePoolMetadataProvidersConfiguration.TomcatDataSourcePoolMetadataProviderConfiguration:
      Did not match:
         - @ConditionalOnClass did not find required class 'org.apache.tomcat.jdbc.pool.DataSource' (OnClassCondition)

   DataSourcePoolMetricsAutoConfiguration:
      Did not match:
         - @ConditionalOnClass did not find required class 'io.micrometer.core.instrument.MeterRegistry' (OnClassCondition)

   DataSourceTransactionManagerAutoConfiguration.JdbcTransactionManagerConfiguration#transactionManager:
      Did not match:
         - @ConditionalOnMissingBean (types: org.springframework.transaction.TransactionManager; SearchStrategy: all) found beans of type 'org.springframework.transaction.TransactionManager' transactionManager (OnBeanCondition)

   DevToolsR2dbcAutoConfiguration:
      Did not match:
         - @ConditionalOnClass did not find required class 'io.r2dbc.spi.ConnectionFactory' (OnClassCondition)

   DispatcherServletAutoConfiguration.DispatcherServletConfiguration#multipartResolver:
      Did not match:
         - @ConditionalOnBean (types: org.springframework.web.multipart.MultipartResolver; SearchStrategy: all) did not find any beans of type org.springframework.web.multipart.MultipartResolver (OnBeanCondition)

   FlywayAutoConfiguration.FlywayConfiguration.OracleConfiguration:
      Did not match:
         - @ConditionalOnClass did not find required class 'org.flywaydb.database.oracle.OracleConfigurationExtension' (OnClassCondition)

   FlywayAutoConfiguration.FlywayConfiguration.PostgresqlConfiguration:
      Did not match:
         - @ConditionalOnClass did not find required class 'org.flywaydb.database.postgresql.PostgreSQLConfigurationExtension' (OnClassCondition)

   FlywayAutoConfiguration.FlywayConfiguration.SqlServerConfiguration:
      Did not match:
         - @ConditionalOnClass did not find required class 'org.flywaydb.database.sqlserver.SQLServerConfigurationExtension' (OnClassCondition)

   FlywayEndpointAutoConfiguration:
      Did not match:
         - @ConditionalOnClass did not find required class 'org.springframework.boot.actuate.autoconfigure.endpoint.condition.ConditionalOnAvailableEndpoint' (OnClassCondition)

   GsonHttpMessageConvertersConfiguration:
      Did not match:
         - @ConditionalOnClass did not find required class 'com.google.gson.Gson' (OnClassCondition)

   HibernateMetricsAutoConfiguration:
      Did not match:
         - @ConditionalOnClass did not find required class 'io.micrometer.core.instrument.MeterRegistry' (OnClassCondition)

   Jackson2HttpMessageConvertersConfiguration.MappingJackson2HttpMessageConverterConfiguration:
      Did not match:
         - AnyNestedCondition 0 matched 2 did not; NestedCondition on Jackson2HttpMessageConvertersConfiguration.PreferJackson2OrJacksonUnavailableCondition.JacksonUnavailable @ConditionalOnMissingBean (types: org.springframework.boot.http.converter.autoconfigure.JacksonHttpMessageConvertersConfiguration$JacksonJsonHttpMessageConvertersCustomizer; SearchStrategy: all) found beans of type 'org.springframework.boot.http.converter.autoconfigure.JacksonHttpMessageConvertersConfiguration$JacksonJsonHttpMessageConvertersCustomizer' jacksonJsonHttpMessageConvertersCustomizer; NestedCondition on Jackson2HttpMessageConvertersConfiguration.PreferJackson2OrJacksonUnavailableCondition.Jackson2Preferred @ConditionalOnProperty (spring.http.converters.preferred-json-mapper=jackson2) did not find property 'spring.http.converters.preferred-json-mapper' (Jackson2HttpMessageConvertersConfiguration.PreferJackson2OrJacksonUnavailableCondition)
      Matched:
         - @ConditionalOnClass found required class 'com.fasterxml.jackson.databind.ObjectMapper' (OnClassCondition)

   Jackson2HttpMessageConvertersConfiguration.MappingJackson2XmlHttpMessageConverterConfiguration:
      Did not match:
         - @ConditionalOnClass did not find required class 'com.fasterxml.jackson.dataformat.xml.XmlMapper' (OnClassCondition)

   JacksonAutoConfiguration.CborConfiguration:
      Did not match:
         - @ConditionalOnClass did not find required class 'tools.jackson.dataformat.cbor.CBORMapper' (OnClassCondition)

   JacksonAutoConfiguration.XmlConfiguration:
      Did not match:
         - @ConditionalOnClass did not find required class 'tools.jackson.dataformat.xml.XmlMapper' (OnClassCondition)

   JacksonHttpMessageConvertersConfiguration.JacksonXmlHttpMessageConverterConfiguration:
      Did not match:
         - @ConditionalOnClass did not find required class 'tools.jackson.dataformat.xml.XmlMapper' (OnClassCondition)

   JndiDataSourceAutoConfiguration:
      Did not match:
         - @ConditionalOnProperty (spring.datasource.jndi-name) did not find property 'spring.datasource.jndi-name' (OnPropertyCondition)
      Matched:
         - @ConditionalOnClass found required classes 'javax.sql.DataSource', 'org.springframework.jdbc.datasource.embedded.EmbeddedDatabaseType' (OnClassCondition)

   JndiJtaConfiguration:
      Did not match:
         - @ConditionalOnJndi JNDI environment is not available (OnJndiCondition)
      Matched:
         - @ConditionalOnClass found required class 'org.springframework.transaction.jta.JtaTransactionManager' (OnClassCondition)

   JsonbHttpMessageConvertersConfiguration:
      Did not match:
         - @ConditionalOnClass did not find required class 'jakarta.json.bind.Jsonb' (OnClassCondition)

   KotlinSerializationHttpMessageConvertersConfiguration:
      Did not match:
         - @ConditionalOnClass did not find required classes 'kotlinx.serialization.Serializable', 'kotlinx.serialization.json.Json' (OnClassCondition)

   LocalDevToolsAutoConfiguration.LiveReloadConfiguration:
      Did not match:
         - @ConditionalOnBooleanProperty (spring.devtools.livereload.enabled=true) did not find property 'spring.devtools.livereload.enabled' (OnPropertyCondition)

   MessageSourceAutoConfiguration:
      Did not match:
         - ResourceBundle did not find bundle with basename messages (MessageSourceAutoConfiguration.ResourceBundleCondition)

   ProjectInfoAutoConfiguration#buildProperties:
      Did not match:
         - @ConditionalOnResource did not find resource '${spring.info.build.location:classpath:META-INF/build-info.properties}' (OnResourceCondition)

   ProjectInfoAutoConfiguration#gitProperties:
      Did not match:
         - GitResource did not find git info at classpath:git.properties (ProjectInfoAutoConfiguration.GitResourceAvailableCondition)

   RemoteDevToolsAutoConfiguration:
      Did not match:
         - @ConditionalOnProperty (spring.devtools.remote.secret) did not find property 'spring.devtools.remote.secret' (OnPropertyCondition)
      Matched:
         - @ConditionalOnClass found required classes 'jakarta.servlet.Filter', 'org.springframework.http.server.ServerHttpRequest', 'org.springframework.boot.web.server.autoconfigure.ServerProperties' (OnClassCondition)

   ServletHttpExchangesAutoConfiguration:
      Did not match:
         - @ConditionalOnBean did not find required type 'org.springframework.boot.actuate.web.exchanges.HttpExchangeRepository' (OnBeanCondition)

   ServletManagementContextAutoConfiguration:
      Did not match:
         - @ConditionalOnClass did not find required class 'org.springframework.boot.actuate.autoconfigure.endpoint.web.WebEndpointProperties' (OnClassCondition)

   ServletMappingsAutoConfiguration:
      Did not match:
         - @ConditionalOnClass did not find required class 'org.springframework.boot.actuate.autoconfigure.endpoint.condition.ConditionalOnAvailableEndpoint' (OnClassCondition)

   ServletWebServerConfiguration#forwardedHeaderFilter:
      Did not match:
         - @ConditionalOnProperty (server.forward-headers-strategy=framework) did not find property 'server.forward-headers-strategy' (OnPropertyCondition)

   TaskExecutorConfigurations.AsyncConfigurerWrapperConfiguration:
      Did not match:
         - @ConditionalOnBean (types: org.springframework.scheduling.annotation.AsyncConfigurer; SearchStrategy: all) did not find any beans of type org.springframework.scheduling.annotation.AsyncConfigurer (OnBeanCondition)

   TaskExecutorConfigurations.SimpleAsyncTaskExecutorBuilderConfiguration#simpleAsyncTaskExecutorBuilderVirtualThreads:
      Did not match:
         - @ConditionalOnMissingBean (types: org.springframework.boot.task.SimpleAsyncTaskExecutorBuilder; SearchStrategy: all) found beans of type 'org.springframework.boot.task.SimpleAsyncTaskExecutorBuilder' simpleAsyncTaskExecutorBuilder (OnBeanCondition)

   TaskExecutorConfigurations.TaskExecutorConfiguration#applicationTaskExecutorVirtualThreads:
      Did not match:
         - @ConditionalOnThreading did not find VIRTUAL (OnThreadingCondition)

   TaskSchedulingAutoConfiguration#scheduledBeanLazyInitializationExcludeFilter:
      Did not match:
         - @ConditionalOnBean (names: org.springframework.scheduling.config.internalScheduledAnnotationProcessor; SearchStrategy: all) did not find any beans named org.springframework.scheduling.config.internalScheduledAnnotationProcessor (OnBeanCondition)

   TaskSchedulingConfigurations.SimpleAsyncTaskSchedulerBuilderConfiguration#simpleAsyncTaskSchedulerBuilderVirtualThreads:
      Did not match:
         - @ConditionalOnMissingBean (types: org.springframework.boot.task.SimpleAsyncTaskSchedulerBuilder; SearchStrategy: all) found beans of type 'org.springframework.boot.task.SimpleAsyncTaskSchedulerBuilder' simpleAsyncTaskSchedulerBuilder (OnBeanCondition)

   TaskSchedulingConfigurations.TaskSchedulerConfiguration:
      Did not match:
         - @ConditionalOnBean (names: org.springframework.scheduling.config.internalScheduledAnnotationProcessor; SearchStrategy: all) did not find any beans named org.springframework.scheduling.config.internalScheduledAnnotationProcessor (OnBeanCondition)

   TomcatMetricsAutoConfiguration:
      Did not match:
         - @ConditionalOnClass did not find required class 'io.micrometer.core.instrument.binder.tomcat.TomcatMetrics' (OnClassCondition)

   TomcatReactiveManagementContextAutoConfiguration:
      Did not match:
         - @ConditionalOnClass did not find required class 'org.springframework.boot.actuate.autoconfigure.web.server.ManagementContextFactory' (OnClassCondition)

   TomcatReactiveWebServerAutoConfiguration:
      Did not match:
         - @ConditionalOnWebApplication did not find reactive web application classes (OnWebApplicationCondition)

   TomcatServletManagementContextAutoConfiguration:
      Did not match:
         - @ConditionalOnClass did not find required class 'org.springframework.boot.actuate.autoconfigure.web.server.ManagementContextFactory' (OnClassCondition)

   TomcatServletWebServerAutoConfiguration#tomcatForwardedHeaderFilterCustomizer:
      Did not match:
         - @ConditionalOnProperty (server.forward-headers-strategy=framework) did not find property 'server.forward-headers-strategy' (OnPropertyCondition)

   TomcatWebServerConfiguration#tomcatVirtualThreadsProtocolHandlerCustomizer:
      Did not match:
         - @ConditionalOnThreading did not find VIRTUAL (OnThreadingCondition)

   TransactionAutoConfiguration#transactionalOperator:
      Did not match:
         - @ConditionalOnSingleCandidate (types: org.springframework.transaction.ReactiveTransactionManager; SearchStrategy: all) did not find any beans (OnBeanCondition)

   TransactionAutoConfiguration.AspectJTransactionManagementConfiguration:
      Did not match:
         - @ConditionalOnBean (types: org.springframework.transaction.aspectj.AbstractTransactionAspect; SearchStrategy: all) did not find any beans of type org.springframework.transaction.aspectj.AbstractTransactionAspect (OnBeanCondition)

   TransactionAutoConfiguration.EnableTransactionManagementConfiguration.JdkDynamicAutoProxyConfiguration:
      Did not match:
         - @ConditionalOnBooleanProperty (spring.aop.proxy-target-class=false) did not find property 'spring.aop.proxy-target-class' (OnPropertyCondition)

   WebMvcAutoConfiguration#hiddenHttpMethodFilter:
      Did not match:
         - @ConditionalOnBooleanProperty (spring.mvc.hiddenmethod.filter.enabled=true) did not find property 'spring.mvc.hiddenmethod.filter.enabled' (OnPropertyCondition)

   WebMvcAutoConfiguration.ProblemDetailsErrorHandlingConfiguration:
      Did not match:
         - @ConditionalOnBooleanProperty (spring.mvc.problemdetails.enabled=true) did not find property 'spring.mvc.problemdetails.enabled' (OnPropertyCondition)

   WebMvcAutoConfiguration.ResourceChainCustomizerConfiguration:
      Did not match:
         - @ConditionalOnEnabledResourceChain did not find class org.webjars.WebJarVersionLocator (OnEnabledResourceChainCondition)

   WebMvcAutoConfiguration.WebMvcAutoConfigurationAdapter#beanNameViewResolver:
      Did not match:
         - @ConditionalOnMissingBean (types: org.springframework.web.servlet.view.BeanNameViewResolver; SearchStrategy: all) found beans of type 'org.springframework.web.servlet.view.BeanNameViewResolver' beanNameViewResolver (OnBeanCondition)

   WebMvcHealthEndpointExtensionAutoConfiguration:
      Did not match:
         - @ConditionalOnClass did not find required class 'org.springframework.boot.health.actuate.endpoint.HealthEndpoint' (OnClassCondition)

   WebMvcMappingsAutoConfiguration:
      Did not match:
         - @ConditionalOnClass did not find required class 'org.springframework.boot.actuate.autoconfigure.endpoint.condition.ConditionalOnAvailableEndpoint' (OnClassCondition)

   WebMvcObservationAutoConfiguration:
      Did not match:
         - @ConditionalOnClass did not find required class 'org.springframework.boot.micrometer.observation.autoconfigure.ObservationProperties' (OnClassCondition)

   XADataSourceAutoConfiguration:
      Did not match:
         - @ConditionalOnBean (types: org.springframework.boot.jdbc.XADataSourceWrapper; SearchStrategy: all) did not find any beans of type org.springframework.boot.jdbc.XADataSourceWrapper (OnBeanCondition)
      Matched:
         - @ConditionalOnClass found required classes 'javax.sql.DataSource', 'jakarta.transaction.TransactionManager', 'org.springframework.jdbc.datasource.embedded.EmbeddedDatabaseType' (OnClassCondition)


Exclusions:
-----------

    None


Unconditional classes:
----------------------

    org.springframework.boot.autoconfigure.context.ConfigurationPropertiesAutoConfiguration

    org.springframework.boot.autoconfigure.ssl.SslAutoConfiguration

    org.springframework.boot.autoconfigure.context.LifecycleAutoConfiguration

    org.springframework.boot.autoconfigure.context.PropertyPlaceholderAutoConfiguration

    one.stayfocused.spring.dotenv.config.DotenvAutoConfiguration

    org.springframework.boot.autoconfigure.availability.ApplicationAvailabilityAutoConfiguration

    org.springframework.boot.autoconfigure.info.ProjectInfoAutoConfiguration



DEBUG 20260518 19:44:48.769[restartedMain] [LoggingFailureAnalysisReporter:37] - Application failed to start due to an exception
org.springframework.boot.jdbc.autoconfigure.DataSourceProperties$DataSourceBeanCreationException: Failed to determine a suitable driver class
	at org.springframework.boot.jdbc.autoconfigure.DataSourceProperties.determineDriverClassName(DataSourceProperties.java:179)
	at org.springframework.boot.jdbc.autoconfigure.PropertiesJdbcConnectionDetails.getDriverClassName(PropertiesJdbcConnectionDetails.java:51)
	at org.springframework.boot.jdbc.autoconfigure.DataSourceConfiguration.createDataSource(DataSourceConfiguration.java:63)
	at org.springframework.boot.jdbc.autoconfigure.DataSourceConfiguration$Hikari.dataSource(DataSourceConfiguration.java:128)
	at java.base/jdk.internal.reflect.DirectMethodHandleAccessor.invoke(DirectMethodHandleAccessor.java:103)
	at java.base/java.lang.reflect.Method.invoke(Method.java:580)
	at org.springframework.beans.factory.support.SimpleInstantiationStrategy.lambda$instantiate$0(SimpleInstantiationStrategy.java:155)
	at org.springframework.beans.factory.support.SimpleInstantiationStrategy.instantiateWithFactoryMethod(SimpleInstantiationStrategy.java:72)
	at org.springframework.beans.factory.support.SimpleInstantiationStrategy.instantiate(SimpleInstantiationStrategy.java:152)
	at org.springframework.beans.factory.support.ConstructorResolver.instantiate(ConstructorResolver.java:653)
	at org.springframework.beans.factory.support.ConstructorResolver.instantiateUsingFactoryMethod(ConstructorResolver.java:645)
	at org.springframework.beans.factory.support.AbstractAutowireCapableBeanFactory.instantiateUsingFactoryMethod(AbstractAutowireCapableBeanFactory.java:1362)
	at org.springframework.beans.factory.support.AbstractAutowireCapableBeanFactory.createBeanInstance(AbstractAutowireCapableBeanFactory.java:1194)
	at org.springframework.beans.factory.support.AbstractAutowireCapableBeanFactory.doCreateBean(AbstractAutowireCapableBeanFactory.java:565)
	at org.springframework.beans.factory.support.AbstractAutowireCapableBeanFactory.createBean(AbstractAutowireCapableBeanFactory.java:525)
	at org.springframework.beans.factory.support.AbstractBeanFactory.lambda$doGetBean$0(AbstractBeanFactory.java:333)
	at org.springframework.beans.factory.support.DefaultSingletonBeanRegistry.getSingleton(DefaultSingletonBeanRegistry.java:371)
	at org.springframework.beans.factory.support.AbstractBeanFactory.doGetBean(AbstractBeanFactory.java:331)
	at org.springframework.beans.factory.support.AbstractBeanFactory.getBean(AbstractBeanFactory.java:201)
	at org.springframework.beans.factory.support.DefaultListableBeanFactory.resolveBean(DefaultListableBeanFactory.java:1225)
	at org.springframework.beans.factory.support.DefaultListableBeanFactory.doResolveDependency(DefaultListableBeanFactory.java:1704)
	at org.springframework.beans.factory.support.DefaultListableBeanFactory.resolveDependency(DefaultListableBeanFactory.java:1651)
	at org.springframework.beans.factory.support.ConstructorResolver.resolveAutowiredArgument(ConstructorResolver.java:912)
	at org.springframework.beans.factory.support.ConstructorResolver.createArgumentArray(ConstructorResolver.java:791)
	at org.springframework.beans.factory.support.ConstructorResolver.instantiateUsingFactoryMethod(ConstructorResolver.java:546)
	at org.springframework.beans.factory.support.AbstractAutowireCapableBeanFactory.instantiateUsingFactoryMethod(AbstractAutowireCapableBeanFactory.java:1362)
	at org.springframework.beans.factory.support.AbstractAutowireCapableBeanFactory.createBeanInstance(AbstractAutowireCapableBeanFactory.java:1194)
	at org.springframework.beans.factory.support.AbstractAutowireCapableBeanFactory.doCreateBean(AbstractAutowireCapableBeanFactory.java:565)
	at org.springframework.beans.factory.support.AbstractAutowireCapableBeanFactory.createBean(AbstractAutowireCapableBeanFactory.java:525)
	at org.springframework.beans.factory.support.AbstractBeanFactory.lambda$doGetBean$0(AbstractBeanFactory.java:333)
	at org.springframework.beans.factory.support.DefaultSingletonBeanRegistry.getSingleton(DefaultSingletonBeanRegistry.java:371)
	at org.springframework.beans.factory.support.AbstractBeanFactory.doGetBean(AbstractBeanFactory.java:331)
	at org.springframework.beans.factory.support.AbstractBeanFactory.getBean(AbstractBeanFactory.java:196)
	at org.springframework.beans.factory.support.AbstractBeanFactory.doGetBean(AbstractBeanFactory.java:309)
	at org.springframework.beans.factory.support.AbstractBeanFactory.getBean(AbstractBeanFactory.java:201)
	at org.springframework.context.support.AbstractApplicationContext.finishBeanFactoryInitialization(AbstractApplicationContext.java:977)
	at org.springframework.context.support.AbstractApplicationContext.refresh(AbstractApplicationContext.java:621)
	at org.springframework.boot.web.server.servlet.context.ServletWebServerApplicationContext.refresh(ServletWebServerApplicationContext.java:143)
	at org.springframework.boot.SpringApplication.refresh(SpringApplication.java:756)
	at org.springframework.boot.SpringApplication.refreshContext(SpringApplication.java:445)
	at org.springframework.boot.SpringApplication.run(SpringApplication.java:321)
	at org.springframework.boot.SpringApplication.run(SpringApplication.java:1365)
	at org.springframework.boot.SpringApplication.run(SpringApplication.java:1354)
	at com.mjc813.swimpool.SwimpoolApplication.main(SwimpoolApplication.java:10)
	at java.base/jdk.internal.reflect.DirectMethodHandleAccessor.invoke(DirectMethodHandleAccessor.java:103)
	at java.base/java.lang.reflect.Method.invoke(Method.java:580)
	at org.springframework.boot.devtools.restart.RestartLauncher.run(RestartLauncher.java:52)
ERROR 20260518 19:44:48.772[restartedMain] [LoggingFailureAnalysisReporter:40] - 

***************************
APPLICATION FAILED TO START
***************************

Description:

Failed to configure a DataSource: 'url' attribute is not specified and no embedded datasource could be configured.

Reason: Failed to determine a suitable driver class


Action:

Consider the following:
	If you want an embedded database (H2, HSQL or Derby), please put it on the classpath.
	If you have database settings to be loaded from a particular profile you may need to activate it (the profiles pord are currently active).

INFO  20260518 19:45:51.665[restartedMain] [SwimpoolApplication:54] - Starting SwimpoolApplication using Java 21.0.10 with PID 21560 (C:\develop\KDTgit\codingtest\mydevelop\swimpool\build\classes\java\main started by smd08 in C:\develop\KDTgit\codingtest\mydevelop\Swimpool)
DEBUG 20260518 19:45:51.672[restartedMain] [SwimpoolApplication:55] - Running with Spring Boot v4.0.6, Spring v7.0.7
INFO  20260518 19:45:51.674[restartedMain] [SwimpoolApplication:658] - The following 1 profile is active: "pord"
DEBUG 20260518 19:45:51.675[restartedMain] [SpringApplication:685] - Loading source class com.mjc813.swimpool.SwimpoolApplication
DEBUG 20260518 19:45:51.776[restartedMain] [ChangeableUrls:69] - Matching URLs for reloading : [file:/C:/develop/KDTgit/codingtest/mydevelop/swimpool/build/classes/java/main/, file:/C:/develop/KDTgit/codingtest/mydevelop/swimpool/build/resources/main/]
DEBUG 20260518 19:45:51.776[restartedMain] [DevToolsSettings:69] - Included patterns for restart : []
DEBUG 20260518 19:45:51.777[restartedMain] [DevToolsSettings:69] - Excluded patterns for restart : [/spring-boot-starter-[\w-]+/, /spring-boot/(bin|build|out)/, /spring-boot-starter/(bin|build|out)/, /spring-boot-devtools/(bin|build|out)/, /spring-boot-actuator/(bin|build|out)/, /spring-boot-autoconfigure/(bin|build|out)/]
INFO  20260518 19:45:51.777[restartedMain] [DevToolsPropertyDefaultsPostProcessor:69] - Devtools property defaults active! Set 'spring.devtools.add-properties' to 'false' to disable
INFO  20260518 19:45:51.777[restartedMain] [DevToolsPropertyDefaultsPostProcessor:69] - For additional web related logging consider setting the 'logging.level.web' property to 'DEBUG'
DEBUG 20260518 19:45:51.778[restartedMain] [AnnotationConfigServletWebServerApplicationContext:678] - Refreshing org.springframework.boot.web.server.servlet.context.AnnotationConfigServletWebServerApplicationContext@7910d40c
DEBUG 20260518 19:45:51.828[restartedMain] [DefaultListableBeanFactory:306] - Creating shared instance of singleton bean 'org.springframework.context.annotation.internalConfigurationAnnotationProcessor'
DEBUG 20260518 19:45:51.867[restartedMain] [DefaultListableBeanFactory:306] - Creating shared instance of singleton bean 'org.springframework.boot.autoconfigure.internalCachingMetadataReaderFactory'
DEBUG 20260518 19:45:51.998[restartedMain] [ClassPathBeanDefinitionScanner:470] - Identified candidate component class: file [C:\develop\KDTgit\codingtest\mydevelop\swimpool\build\classes\java\main\com\mjc813\swimpool\common\CommonExceptionHandler.class]
DEBUG 20260518 19:45:52.008[restartedMain] [ClassPathBeanDefinitionScanner:476] - Ignored because not a concrete top-level class: file [C:\develop\KDTgit\codingtest\mydevelop\swimpool\build\classes\java\main\com\mjc813\swimpool\models\swimpool\SwimpoolRepository.class]
DEBUG 20260518 19:45:52.025[restartedMain] [ClassPathBeanDefinitionScanner:470] - Identified candidate component class: file [C:\develop\KDTgit\codingtest\mydevelop\swimpool\build\classes\java\main\com\mjc813\swimpool\models\swimpool\SwimpoolRestController.class]
DEBUG 20260518 19:45:52.028[restartedMain] [ClassPathBeanDefinitionScanner:470] - Identified candidate component class: file [C:\develop\KDTgit\codingtest\mydevelop\swimpool\build\classes\java\main\com\mjc813\swimpool\models\swimpool\SwimpoolService.class]
DEBUG 20260518 19:45:52.034[restartedMain] [ClassPathBeanDefinitionScanner:476] - Ignored because not a concrete top-level class: file [C:\develop\KDTgit\codingtest\mydevelop\swimpool\build\classes\java\main\com\mjc813\swimpool\models\teacher\TeacherRepository.class]
DEBUG 20260518 19:45:52.036[restartedMain] [ClassPathBeanDefinitionScanner:470] - Identified candidate component class: file [C:\develop\KDTgit\codingtest\mydevelop\swimpool\build\classes\java\main\com\mjc813\swimpool\models\teacher\TeacherRestController.class]
DEBUG 20260518 19:45:52.039[restartedMain] [ClassPathBeanDefinitionScanner:470] - Identified candidate component class: file [C:\develop\KDTgit\codingtest\mydevelop\swimpool\build\classes\java\main\com\mjc813\swimpool\models\teacher\TeacherService.class]
DEBUG 20260518 19:45:52.370[restartedMain] [ClassPathBeanDefinitionScanner:470] - Identified candidate component class: URL [jar:file:/C:/Users/smd08/.gradle/caches/modules-2/files-2.1/one.stayfocused.spring/dotenv-spring-boot/1.0.0/5e4ac283567ffd6dc6b0d0f922a857a8e9953e02/dotenv-spring-boot-1.0.0.jar!/one/stayfocused/spring/dotenv/SpringBootDotenvApplication.class]
DEBUG 20260518 19:45:52.372[restartedMain] [ClassPathBeanDefinitionScanner:470] - Identified candidate component class: URL [jar:file:/C:/Users/smd08/.gradle/caches/modules-2/files-2.1/one.stayfocused.spring/dotenv-spring-boot/1.0.0/5e4ac283567ffd6dc6b0d0f922a857a8e9953e02/dotenv-spring-boot-1.0.0.jar!/one/stayfocused/spring/dotenv/config/DotenvLogger.class]
DEBUG 20260518 19:45:52.374[restartedMain] [ClassPathBeanDefinitionScanner:470] - Identified candidate component class: URL [jar:file:/C:/Users/smd08/.gradle/caches/modules-2/files-2.1/one.stayfocused.spring/dotenv-spring-boot/1.0.0/5e4ac283567ffd6dc6b0d0f922a857a8e9953e02/dotenv-spring-boot-1.0.0.jar!/one/stayfocused/spring/dotenv/core/DefaultEnvLoader.class]
DEBUG 20260518 19:45:52.382[restartedMain] [ClassPathBeanDefinitionScanner:470] - Identified candidate component class: URL [jar:file:/C:/Users/smd08/.gradle/caches/modules-2/files-2.1/one.stayfocused.spring/dotenv-spring-boot/1.0.0/5e4ac283567ffd6dc6b0d0f922a857a8e9953e02/dotenv-spring-boot-1.0.0.jar!/one/stayfocused/spring/dotenv/config/DotenvLogger.class]
DEBUG 20260518 19:45:52.382[restartedMain] [ClassPathBeanDefinitionScanner:470] - Identified candidate component class: URL [jar:file:/C:/Users/smd08/.gradle/caches/modules-2/files-2.1/one.stayfocused.spring/dotenv-spring-boot/1.0.0/5e4ac283567ffd6dc6b0d0f922a857a8e9953e02/dotenv-spring-boot-1.0.0.jar!/one/stayfocused/spring/dotenv/core/DefaultEnvLoader.class]
DEBUG 20260518 19:45:52.420[restartedMain] [ClassPathBeanDefinitionScanner:470] - Identified candidate component class: URL [jar:file:/C:/Users/smd08/.gradle/caches/modules-2/files-2.1/one.stayfocused.spring/dotenv-spring-boot/1.0.0/5e4ac283567ffd6dc6b0d0f922a857a8e9953e02/dotenv-spring-boot-1.0.0.jar!/one/stayfocused/spring/dotenv/SpringBootDotenvApplication.class]
DEBUG 20260518 19:45:52.420[restartedMain] [ClassPathBeanDefinitionScanner:470] - Identified candidate component class: URL [jar:file:/C:/Users/smd08/.gradle/caches/modules-2/files-2.1/one.stayfocused.spring/dotenv-spring-boot/1.0.0/5e4ac283567ffd6dc6b0d0f922a857a8e9953e02/dotenv-spring-boot-1.0.0.jar!/one/stayfocused/spring/dotenv/config/DotenvLogger.class]
DEBUG 20260518 19:45:52.420[restartedMain] [ClassPathBeanDefinitionScanner:470] - Identified candidate component class: URL [jar:file:/C:/Users/smd08/.gradle/caches/modules-2/files-2.1/one.stayfocused.spring/dotenv-spring-boot/1.0.0/5e4ac283567ffd6dc6b0d0f922a857a8e9953e02/dotenv-spring-boot-1.0.0.jar!/one/stayfocused/spring/dotenv/core/DefaultEnvLoader.class]
INFO  20260518 19:45:53.304[restartedMain] [RepositoryConfigurationDelegate:145] - Bootstrapping Spring Data JPA repositories in DEFAULT mode.
DEBUG 20260518 19:45:53.325[restartedMain] [DefaultListableBeanFactory:306] - Creating shared instance of singleton bean 'org.springframework.boot.autoconfigure.AutoConfigurationPackages'
DEBUG 20260518 19:45:53.342[restartedMain] [AutoConfigurationPackages:219] - @EnableAutoConfiguration was declared on a class in the package 'com.mjc813.swimpool'. Automatic @Repository and @Entity scanning is enabled.
DEBUG 20260518 19:45:53.345[restartedMain] [RepositoryConfigurationDelegate:155] - Scanning for JPA repositories in packages com.mjc813.swimpool.
DEBUG 20260518 19:45:53.508[restartedMain] [RepositoryComponentProvider:470] - Identified candidate component class: file [C:\develop\KDTgit\codingtest\mydevelop\swimpool\build\classes\java\main\com\mjc813\swimpool\models\swimpool\SwimpoolRepository.class]
DEBUG 20260518 19:45:53.509[restartedMain] [RepositoryComponentProvider:470] - Identified candidate component class: file [C:\develop\KDTgit\codingtest\mydevelop\swimpool\build\classes\java\main\com\mjc813\swimpool\models\teacher\TeacherRepository.class]
INFO  20260518 19:45:53.618[restartedMain] [RepositoryConfigurationDelegate:213] - Finished Spring Data repository scanning in 268 ms. Found 2 JPA repository interfaces.
DEBUG 20260518 19:45:53.966[restartedMain] [DefaultListableBeanFactory:306] - Creating shared instance of singleton bean 'propertySourcesPlaceholderConfigurer'
DEBUG 20260518 19:45:53.981[restartedMain] [DefaultListableBeanFactory:306] - Creating shared instance of singleton bean 'org.springframework.boot.devtools.autoconfigure.DevToolsDataSourceAutoConfiguration$DatabaseShutdownExecutorEntityManagerFactoryDependsOnPostProcessor'
DEBUG 20260518 19:45:53.983[restartedMain] [DefaultListableBeanFactory:306] - Creating shared instance of singleton bean 'org.springframework.boot.sql.init.dependency.DatabaseInitializationDependencyConfigurer$DependsOnDatabaseInitializationPostProcessor'
DEBUG 20260518 19:45:54.034[restartedMain] [DefaultListableBeanFactory:306] - Creating shared instance of singleton bean 'org.springframework.context.event.internalEventListenerProcessor'
DEBUG 20260518 19:45:54.038[restartedMain] [DefaultListableBeanFactory:306] - Creating shared instance of singleton bean 'bootstrapExecutorAliasPostProcessor'
DEBUG 20260518 19:45:54.040[restartedMain] [DefaultListableBeanFactory:306] - Creating shared instance of singleton bean 'preserveErrorControllerTargetClassPostProcessor'
DEBUG 20260518 19:45:54.042[restartedMain] [DefaultListableBeanFactory:306] - Creating shared instance of singleton bean 'org.springframework.context.event.internalEventListenerFactory'
DEBUG 20260518 19:45:54.043[restartedMain] [DefaultListableBeanFactory:306] - Creating shared instance of singleton bean 'org.springframework.transaction.config.internalTransactionalEventListenerFactory'
DEBUG 20260518 19:45:54.049[restartedMain] [DefaultListableBeanFactory:306] - Creating shared instance of singleton bean 'org.springframework.context.annotation.internalAutowiredAnnotationProcessor'
DEBUG 20260518 19:45:54.053[restartedMain] [DefaultListableBeanFactory:306] - Creating shared instance of singleton bean 'org.springframework.context.annotation.internalCommonAnnotationProcessor'
DEBUG 20260518 19:45:54.060[restartedMain] [DefaultListableBeanFactory:306] - Creating shared instance of singleton bean 'org.springframework.context.annotation.internalPersistenceAnnotationProcessor'
DEBUG 20260518 19:45:54.061[restartedMain] [DefaultListableBeanFactory:306] - Creating shared instance of singleton bean 'org.springframework.boot.context.properties.ConfigurationPropertiesBindingPostProcessor'
DEBUG 20260518 19:45:54.062[restartedMain] [DefaultListableBeanFactory:306] - Creating shared instance of singleton bean 'org.springframework.boot.context.internalConfigurationPropertiesBinder'
DEBUG 20260518 19:45:54.068[restartedMain] [DefaultListableBeanFactory:306] - Creating shared instance of singleton bean 'jdbcConnectionDetailsHikariBeanPostProcessor'
DEBUG 20260518 19:45:54.074[restartedMain] [DefaultListableBeanFactory:306] - Creating shared instance of singleton bean 'org.springframework.aop.config.internalAutoProxyCreator'
DEBUG 20260518 19:45:54.099[restartedMain] [DefaultListableBeanFactory:306] - Creating shared instance of singleton bean 'org.springframework.aop.framework.autoproxy.defaultProxyConfig'
DEBUG 20260518 19:45:54.120[restartedMain] [DefaultListableBeanFactory:306] - Creating shared instance of singleton bean 'persistenceExceptionTranslationPostProcessor'
DEBUG 20260518 19:45:54.122[restartedMain] [DefaultListableBeanFactory:953] - Autowiring by type from bean name 'persistenceExceptionTranslationPostProcessor' via factory method to bean named 'environment'
DEBUG 20260518 19:45:54.128[restartedMain] [DefaultListableBeanFactory:306] - Creating shared instance of singleton bean 'projectingArgumentResolverBeanPostProcessor'
DEBUG 20260518 19:45:54.131[restartedMain] [DefaultListableBeanFactory:306] - Creating shared instance of singleton bean 'org.springframework.transaction.config.internalTransactionAdvisor'
DEBUG 20260518 19:45:54.131[restartedMain] [DefaultListableBeanFactory:306] - Creating shared instance of singleton bean 'org.springframework.transaction.annotation.ProxyTransactionManagementConfiguration'
DEBUG 20260518 19:45:54.180[restartedMain] [DefaultListableBeanFactory:306] - Creating shared instance of singleton bean 'transactionAttributeSource'
DEBUG 20260518 19:45:54.194[restartedMain] [DefaultListableBeanFactory:306] - Creating shared instance of singleton bean 'transactionInterceptor'
DEBUG 20260518 19:45:54.195[restartedMain] [DefaultListableBeanFactory:953] - Autowiring by type from bean name 'transactionInterceptor' via factory method to bean named 'transactionAttributeSource'
DEBUG 20260518 19:45:54.209[restartedMain] [DefaultListableBeanFactory:953] - Autowiring by type from bean name 'org.springframework.transaction.config.internalTransactionAdvisor' via factory method to bean named 'transactionAttributeSource'
DEBUG 20260518 19:45:54.209[restartedMain] [DefaultListableBeanFactory:953] - Autowiring by type from bean name 'org.springframework.transaction.config.internalTransactionAdvisor' via factory method to bean named 'transactionInterceptor'
DEBUG 20260518 19:45:54.279[restartedMain] [DefaultListableBeanFactory:306] - Creating shared instance of singleton bean 'webServerFactoryCustomizerBeanPostProcessor'
DEBUG 20260518 19:45:54.282[restartedMain] [DefaultListableBeanFactory:306] - Creating shared instance of singleton bean 'errorPageRegistrarBeanPostProcessor'
DEBUG 20260518 19:45:54.291[restartedMain] [DefaultListableBeanFactory:306] - Creating shared instance of singleton bean 'tomcatServletWebServerFactory'
DEBUG 20260518 19:45:54.291[restartedMain] [DefaultListableBeanFactory:306] - Creating shared instance of singleton bean 'org.springframework.boot.tomcat.autoconfigure.servlet.TomcatServletWebServerAutoConfiguration'
DEBUG 20260518 19:45:54.294[restartedMain] [DefaultListableBeanFactory:306] - Creating shared instance of singleton bean 'server.tomcat-org.springframework.boot.tomcat.autoconfigure.TomcatServerProperties'
DEBUG 20260518 19:45:54.303[restartedMain] [DefaultListableBeanFactory:306] - Creating shared instance of singleton bean 'org.springframework.boot.context.properties.BoundConfigurationProperties'
DEBUG 20260518 19:45:54.326[restartedMain] [DefaultListableBeanFactory:306] - Creating shared instance of singleton bean 'stringOrNumberMigrationVersionConverter'
DEBUG 20260518 19:45:54.357[restartedMain] [DefaultListableBeanFactory:953] - Autowiring by type from bean name 'org.springframework.boot.tomcat.autoconfigure.servlet.TomcatServletWebServerAutoConfiguration' via constructor to bean named 'server.tomcat-org.springframework.boot.tomcat.autoconfigure.TomcatServerProperties'
DEBUG 20260518 19:45:54.405[restartedMain] [DefaultListableBeanFactory:306] - Creating shared instance of singleton bean 'servletWebServerFactoryCustomizer'
DEBUG 20260518 19:45:54.405[restartedMain] [DefaultListableBeanFactory:306] - Creating shared instance of singleton bean 'org.springframework.boot.web.server.autoconfigure.servlet.ServletWebServerConfiguration'
DEBUG 20260518 19:45:54.407[restartedMain] [DefaultListableBeanFactory:306] - Creating shared instance of singleton bean 'server-org.springframework.boot.web.server.autoconfigure.ServerProperties'
DEBUG 20260518 19:45:54.446[restartedMain] [DefaultListableBeanFactory:953] - Autowiring by type from bean name 'servletWebServerFactoryCustomizer' via factory method to bean named 'server-org.springframework.boot.web.server.autoconfigure.ServerProperties'
DEBUG 20260518 19:45:54.453[restartedMain] [DefaultListableBeanFactory:306] - Creating shared instance of singleton bean 'sslBundleRegistry'
DEBUG 20260518 19:45:54.454[restartedMain] [DefaultListableBeanFactory:306] - Creating shared instance of singleton bean 'org.springframework.boot.autoconfigure.ssl.SslAutoConfiguration'
DEBUG 20260518 19:45:54.456[restartedMain] [DefaultListableBeanFactory:306] - Creating shared instance of singleton bean 'spring.ssl-org.springframework.boot.autoconfigure.ssl.SslProperties'
DEBUG 20260518 19:45:54.465[restartedMain] [DefaultListableBeanFactory:953] - Autowiring by type from bean name 'org.springframework.boot.autoconfigure.ssl.SslAutoConfiguration' via constructor to bean named 'org.springframework.boot.web.server.servlet.context.AnnotationConfigServletWebServerApplicationContext@7910d40c'
DEBUG 20260518 19:45:54.466[restartedMain] [DefaultListableBeanFactory:953] - Autowiring by type from bean name 'org.springframework.boot.autoconfigure.ssl.SslAutoConfiguration' via constructor to bean named 'spring.ssl-org.springframework.boot.autoconfigure.ssl.SslProperties'
DEBUG 20260518 19:45:54.475[restartedMain] [DefaultListableBeanFactory:306] - Creating shared instance of singleton bean 'sslPropertiesSslBundleRegistrar'
DEBUG 20260518 19:45:54.476[restartedMain] [DefaultListableBeanFactory:306] - Creating shared instance of singleton bean 'fileWatcher'
DEBUG 20260518 19:45:54.479[restartedMain] [DefaultListableBeanFactory:953] - Autowiring by type from bean name 'sslPropertiesSslBundleRegistrar' via factory method to bean named 'fileWatcher'
DEBUG 20260518 19:45:54.498[restartedMain] [DefaultListableBeanFactory:306] - Creating shared instance of singleton bean 'webSocketWebServerCustomizer'
DEBUG 20260518 19:45:54.499[restartedMain] [DefaultListableBeanFactory:306] - Creating shared instance of singleton bean 'org.springframework.boot.tomcat.autoconfigure.TomcatWebServerConfiguration$TomcatWebSocketConfiguration'
DEBUG 20260518 19:45:54.501[restartedMain] [DefaultListableBeanFactory:306] - Creating shared instance of singleton bean 'tomcatWebServerFactoryCustomizer'
DEBUG 20260518 19:45:54.501[restartedMain] [DefaultListableBeanFactory:306] - Creating shared instance of singleton bean 'org.springframework.boot.tomcat.autoconfigure.TomcatWebServerConfiguration'
DEBUG 20260518 19:45:54.504[restartedMain] [DefaultListableBeanFactory:306] - Creating shared instance of singleton bean 'spring.web-org.springframework.boot.autoconfigure.web.WebProperties'
DEBUG 20260518 19:45:54.527[restartedMain] [DefaultListableBeanFactory:953] - Autowiring by type from bean name 'tomcatWebServerFactoryCustomizer' via factory method to bean named 'environment'
DEBUG 20260518 19:45:54.528[restartedMain] [DefaultListableBeanFactory:953] - Autowiring by type from bean name 'tomcatWebServerFactoryCustomizer' via factory method to bean named 'server-org.springframework.boot.web.server.autoconfigure.ServerProperties'
DEBUG 20260518 19:45:54.528[restartedMain] [DefaultListableBeanFactory:953] - Autowiring by type from bean name 'tomcatWebServerFactoryCustomizer' via factory method to bean named 'server.tomcat-org.springframework.boot.tomcat.autoconfigure.TomcatServerProperties'
DEBUG 20260518 19:45:54.529[restartedMain] [DefaultListableBeanFactory:953] - Autowiring by type from bean name 'tomcatWebServerFactoryCustomizer' via factory method to bean named 'spring.web-org.springframework.boot.autoconfigure.web.WebProperties'
DEBUG 20260518 19:45:54.535[restartedMain] [DefaultListableBeanFactory:306] - Creating shared instance of singleton bean 'tomcatServletWebServerFactoryCustomizer'
DEBUG 20260518 19:45:54.536[restartedMain] [DefaultListableBeanFactory:953] - Autowiring by type from bean name 'tomcatServletWebServerFactoryCustomizer' via factory method to bean named 'server.tomcat-org.springframework.boot.tomcat.autoconfigure.TomcatServerProperties'
DEBUG 20260518 19:45:54.591[restartedMain] [DefaultListableBeanFactory:306] - Creating shared instance of singleton bean 'errorPageCustomizer'
DEBUG 20260518 19:45:54.591[restartedMain] [DefaultListableBeanFactory:306] - Creating shared instance of singleton bean 'org.springframework.boot.webmvc.autoconfigure.error.ErrorMvcAutoConfiguration'
DEBUG 20260518 19:45:54.592[restartedMain] [DefaultListableBeanFactory:953] - Autowiring by type from bean name 'org.springframework.boot.webmvc.autoconfigure.error.ErrorMvcAutoConfiguration' via constructor to bean named 'spring.web-org.springframework.boot.autoconfigure.web.WebProperties'
DEBUG 20260518 19:45:54.593[restartedMain] [DefaultListableBeanFactory:306] - Creating shared instance of singleton bean 'dispatcherServletRegistration'
DEBUG 20260518 19:45:54.594[restartedMain] [DefaultListableBeanFactory:306] - Creating shared instance of singleton bean 'org.springframework.boot.webmvc.autoconfigure.DispatcherServletAutoConfiguration$DispatcherServletRegistrationConfiguration'
DEBUG 20260518 19:45:54.595[restartedMain] [DefaultListableBeanFactory:306] - Creating shared instance of singleton bean 'dispatcherServlet'
DEBUG 20260518 19:45:54.595[restartedMain] [DefaultListableBeanFactory:306] - Creating shared instance of singleton bean 'org.springframework.boot.webmvc.autoconfigure.DispatcherServletAutoConfiguration$DispatcherServletConfiguration'
DEBUG 20260518 19:45:54.596[restartedMain] [DefaultListableBeanFactory:306] - Creating shared instance of singleton bean 'spring.mvc-org.springframework.boot.webmvc.autoconfigure.WebMvcProperties'
DEBUG 20260518 19:45:54.607[restartedMain] [DefaultListableBeanFactory:953] - Autowiring by type from bean name 'dispatcherServlet' via factory method to bean named 'spring.mvc-org.springframework.boot.webmvc.autoconfigure.WebMvcProperties'
DEBUG 20260518 19:45:54.633[restartedMain] [DefaultListableBeanFactory:953] - Autowiring by type from bean name 'dispatcherServletRegistration' via factory method to bean named 'dispatcherServlet'
DEBUG 20260518 19:45:54.634[restartedMain] [DefaultListableBeanFactory:953] - Autowiring by type from bean name 'dispatcherServletRegistration' via factory method to bean named 'spring.mvc-org.springframework.boot.webmvc.autoconfigure.WebMvcProperties'
DEBUG 20260518 19:45:54.639[restartedMain] [DefaultListableBeanFactory:306] - Creating shared instance of singleton bean 'multipartConfigElement'
DEBUG 20260518 19:45:54.640[restartedMain] [DefaultListableBeanFactory:306] - Creating shared instance of singleton bean 'org.springframework.boot.servlet.autoconfigure.MultipartAutoConfiguration'
DEBUG 20260518 19:45:54.641[restartedMain] [DefaultListableBeanFactory:306] - Creating shared instance of singleton bean 'spring.servlet.multipart-org.springframework.boot.servlet.autoconfigure.MultipartProperties'
DEBUG 20260518 19:45:54.646[restartedMain] [DefaultListableBeanFactory:953] - Autowiring by type from bean name 'org.springframework.boot.servlet.autoconfigure.MultipartAutoConfiguration' via constructor to bean named 'spring.servlet.multipart-org.springframework.boot.servlet.autoconfigure.MultipartProperties'
DEBUG 20260518 19:45:54.653[restartedMain] [DefaultListableBeanFactory:953] - Autowiring by type from bean name 'errorPageCustomizer' via factory method to bean named 'dispatcherServletRegistration'
DEBUG 20260518 19:45:54.837[restartedMain] [TomcatServletWebServerFactory:82] - Code archive: C:\Users\smd08\.gradle\caches\modules-2\files-2.1\org.springframework.boot\spring-boot-web-server\4.0.6\8a087bc97418b3082fe402b3241260180fa7133e\spring-boot-web-server-4.0.6.jar
DEBUG 20260518 19:45:54.838[restartedMain] [TomcatServletWebServerFactory:126] - Code archive: C:\Users\smd08\.gradle\caches\modules-2\files-2.1\org.springframework.boot\spring-boot-web-server\4.0.6\8a087bc97418b3082fe402b3241260180fa7133e\spring-boot-web-server-4.0.6.jar
DEBUG 20260518 19:45:54.839[restartedMain] [TomcatServletWebServerFactory:150] - None of the document roots [src/main/webapp, public, static] point to a directory and will be ignored.
INFO  20260518 19:45:54.970[restartedMain] [TomcatWebServer:114] - Tomcat initialized with port 8080 (http)
INFO  20260518 19:45:55.001[restartedMain] [Http11NioProtocol:168] - Initializing ProtocolHandler ["http-nio-8080"]
INFO  20260518 19:45:55.004[restartedMain] [StandardService:168] - Starting service [Tomcat]
INFO  20260518 19:45:55.005[restartedMain] [StandardEngine:168] - Starting Servlet engine: [Apache Tomcat/11.0.21]
DEBUG 20260518 19:45:55.138[restartedMain] [WebApplicationContextInitializer:71] - Published root WebApplicationContext as ServletContext attribute with name [org.springframework.web.context.WebApplicationContext.ROOT]
INFO  20260518 19:45:55.139[restartedMain] [WebApplicationContextInitializer:77] - Root WebApplicationContext: initialization completed in 3361 ms
DEBUG 20260518 19:45:55.151[restartedMain] [DefaultListableBeanFactory:306] - Creating shared instance of singleton bean 'requestContextFilter'
DEBUG 20260518 19:45:55.155[restartedMain] [DefaultListableBeanFactory:306] - Creating shared instance of singleton bean 'formContentFilter'
DEBUG 20260518 19:45:55.155[restartedMain] [DefaultListableBeanFactory:306] - Creating shared instance of singleton bean 'org.springframework.boot.webmvc.autoconfigure.WebMvcAutoConfiguration'
DEBUG 20260518 19:45:55.159[restartedMain] [DefaultListableBeanFactory:306] - Creating shared instance of singleton bean 'characterEncodingFilter'
DEBUG 20260518 19:45:55.160[restartedMain] [DefaultListableBeanFactory:306] - Creating shared instance of singleton bean 'org.springframework.boot.servlet.autoconfigure.HttpEncodingAutoConfiguration'
DEBUG 20260518 19:45:55.161[restartedMain] [DefaultListableBeanFactory:306] - Creating shared instance of singleton bean 'spring.servlet.encoding-org.springframework.boot.servlet.autoconfigure.ServletEncodingProperties'
DEBUG 20260518 19:45:55.163[restartedMain] [DefaultListableBeanFactory:953] - Autowiring by type from bean name 'characterEncodingFilter' via factory method to bean named 'spring.servlet.encoding-org.springframework.boot.servlet.autoconfigure.ServletEncodingProperties'
DEBUG 20260518 19:45:55.177[restartedMain] [ServletContextInitializerBeans:255] - Mapping filters: characterEncodingFilter urls=[/*] order=-2147483648, formContentFilter urls=[/*] order=-9900, requestContextFilter urls=[/*] order=-105
DEBUG 20260518 19:45:55.178[restartedMain] [ServletContextInitializerBeans:255] - Mapping servlets: dispatcherServlet urls=[/]
DEBUG 20260518 19:45:55.229[restartedMain] [OrderedRequestContextFilter:236] - Filter 'requestContextFilter' configured for use
DEBUG 20260518 19:45:55.233[restartedMain] [OrderedCharacterEncodingFilter:236] - Filter 'characterEncodingFilter' configured for use
DEBUG 20260518 19:45:55.234[restartedMain] [OrderedFormContentFilter:236] - Filter 'formContentFilter' configured for use
DEBUG 20260518 19:45:55.256[restartedMain] [DefaultListableBeanFactory:306] - Creating shared instance of singleton bean 'applicationTaskExecutor'
DEBUG 20260518 19:45:55.257[restartedMain] [DefaultListableBeanFactory:306] - Creating shared instance of singleton bean 'org.springframework.boot.autoconfigure.task.TaskExecutorConfigurations$TaskExecutorConfiguration'
DEBUG 20260518 19:45:55.259[restartedMain] [DefaultListableBeanFactory:306] - Creating shared instance of singleton bean 'threadPoolTaskExecutorBuilder'
DEBUG 20260518 19:45:55.259[restartedMain] [DefaultListableBeanFactory:306] - Creating shared instance of singleton bean 'org.springframework.boot.autoconfigure.task.TaskExecutorConfigurations$ThreadPoolTaskExecutorBuilderConfiguration'
DEBUG 20260518 19:45:55.262[restartedMain] [DefaultListableBeanFactory:306] - Creating shared instance of singleton bean 'spring.task.execution-org.springframework.boot.autoconfigure.task.TaskExecutionProperties'
DEBUG 20260518 19:45:55.267[restartedMain] [DefaultListableBeanFactory:953] - Autowiring by type from bean name 'threadPoolTaskExecutorBuilder' via factory method to bean named 'spring.task.execution-org.springframework.boot.autoconfigure.task.TaskExecutionProperties'
DEBUG 20260518 19:45:55.271[restartedMain] [DefaultListableBeanFactory:953] - Autowiring by type from bean name 'applicationTaskExecutor' via factory method to bean named 'threadPoolTaskExecutorBuilder'
DEBUG 20260518 19:45:55.280[restartedMain] [ThreadPoolTaskExecutor:300] - Initializing ExecutorService 'applicationTaskExecutor'
DEBUG 20260518 19:45:55.284[restartedMain] [DefaultListableBeanFactory:306] - Creating shared instance of singleton bean 'inMemoryDatabaseShutdownExecutor'
DEBUG 20260518 19:45:55.284[restartedMain] [DefaultListableBeanFactory:306] - Creating shared instance of singleton bean 'org.springframework.boot.devtools.autoconfigure.DevToolsDataSourceAutoConfiguration'
DEBUG 20260518 19:45:55.285[restartedMain] [DefaultListableBeanFactory:306] - Creating shared instance of singleton bean 'dataSource'
DEBUG 20260518 19:45:55.285[restartedMain] [DefaultListableBeanFactory:306] - Creating shared instance of singleton bean 'org.springframework.boot.jdbc.autoconfigure.DataSourceConfiguration$Hikari'
DEBUG 20260518 19:45:55.288[restartedMain] [DefaultListableBeanFactory:306] - Creating shared instance of singleton bean 'spring.datasource-org.springframework.boot.jdbc.autoconfigure.DataSourceProperties'
DEBUG 20260518 19:45:55.299[restartedMain] [DefaultListableBeanFactory:306] - Creating shared instance of singleton bean 'jdbcConnectionDetails'
DEBUG 20260518 19:45:55.301[restartedMain] [DefaultListableBeanFactory:306] - Creating shared instance of singleton bean 'org.springframework.boot.jdbc.autoconfigure.DataSourceAutoConfiguration$PooledDataSourceConfiguration'
DEBUG 20260518 19:45:55.301[restartedMain] [DefaultListableBeanFactory:953] - Autowiring by type from bean name 'jdbcConnectionDetails' via factory method to bean named 'spring.datasource-org.springframework.boot.jdbc.autoconfigure.DataSourceProperties'
DEBUG 20260518 19:45:55.303[restartedMain] [DefaultListableBeanFactory:953] - Autowiring by type from bean name 'dataSource' via factory method to bean named 'spring.datasource-org.springframework.boot.jdbc.autoconfigure.DataSourceProperties'
DEBUG 20260518 19:45:55.303[restartedMain] [DefaultListableBeanFactory:953] - Autowiring by type from bean name 'dataSource' via factory method to bean named 'jdbcConnectionDetails'
DEBUG 20260518 19:45:55.303[restartedMain] [DefaultListableBeanFactory:953] - Autowiring by type from bean name 'dataSource' via factory method to bean named 'environment'
WARN  20260518 19:45:55.309[restartedMain] [AnnotationConfigServletWebServerApplicationContext:629] - Exception encountered during context initialization - cancelling refresh attempt: org.springframework.beans.factory.BeanCreationException: Error creating bean with name 'entityManagerFactory' defined in class path resource [org/springframework/boot/hibernate/autoconfigure/HibernateJpaConfiguration.class]: Failed to initialize dependency 'inMemoryDatabaseShutdownExecutor' of LoadTimeWeaverAware bean 'entityManagerFactory': Error creating bean with name 'inMemoryDatabaseShutdownExecutor' defined in class path resource [org/springframework/boot/devtools/autoconfigure/DevToolsDataSourceAutoConfiguration.class]: Unsatisfied dependency expressed through method 'inMemoryDatabaseShutdownExecutor' parameter 0: Error creating bean with name 'dataSource' defined in class path resource [org/springframework/boot/jdbc/autoconfigure/DataSourceConfiguration$Hikari.class]: Failed to instantiate [com.zaxxer.hikari.HikariDataSource]: Factory method 'dataSource' threw exception with message: Failed to determine a suitable driver class
DEBUG 20260518 19:45:55.309[restartedMain] [ThreadPoolTaskExecutor:366] - Shutting down ExecutorService 'applicationTaskExecutor'
INFO  20260518 19:45:55.314[restartedMain] [StandardService:168] - Stopping service [Tomcat]
DEBUG 20260518 19:45:55.360[restartedMain] [debug:372] - log4jdbc-logj2 properties initialization...
DEBUG 20260518 19:45:55.363[restartedMain] [debug:372] - Using logger: null
DEBUG 20260518 19:45:55.363[restartedMain] [debug:372] - x log4jdbc.debug.stack.prefix is not defined
DEBUG 20260518 19:45:55.363[restartedMain] [debug:372] - x log4jdbc.sqltiming.warn.threshold is not defined
DEBUG 20260518 19:45:55.363[restartedMain] [debug:372] - x log4jdbc.sqltiming.error.threshold is not defined
DEBUG 20260518 19:45:55.364[restartedMain] [debug:372] - x log4jdbc.dump.booleanastruefalse is not defined (using default value false)
DEBUG 20260518 19:45:55.364[restartedMain] [debug:372] - x log4jdbc.dump.sql.maxlinelength is not defined (using default of 90)
DEBUG 20260518 19:45:55.364[restartedMain] [debug:372] - x log4jdbc.dump.fulldebugstacktrace is not defined (using default value false)
DEBUG 20260518 19:45:55.364[restartedMain] [debug:372] - x log4jdbc.statement.warn is not defined (using default value false)
DEBUG 20260518 19:45:55.364[restartedMain] [debug:372] - x log4jdbc.dump.sql.select is not defined (using default value true)
DEBUG 20260518 19:45:55.364[restartedMain] [debug:372] - x log4jdbc.dump.sql.insert is not defined (using default value true)
DEBUG 20260518 19:45:55.365[restartedMain] [debug:372] - x log4jdbc.dump.sql.update is not defined (using default value true)
DEBUG 20260518 19:45:55.365[restartedMain] [debug:372] - x log4jdbc.dump.sql.delete is not defined (using default value true)
DEBUG 20260518 19:45:55.365[restartedMain] [debug:372] - x log4jdbc.dump.sql.create is not defined (using default value true)
DEBUG 20260518 19:45:55.365[restartedMain] [debug:372] - x log4jdbc.dump.sql.addsemicolon is not defined (using default value false)
DEBUG 20260518 19:45:55.365[restartedMain] [debug:372] - x log4jdbc.auto.load.popular.drivers is not defined (using default value true)
DEBUG 20260518 19:45:55.366[restartedMain] [debug:372] - x log4jdbc.drivers is not defined
DEBUG 20260518 19:45:55.366[restartedMain] [debug:372] - x log4jdbc.trim.sql is not defined (using default value true)
DEBUG 20260518 19:45:55.366[restartedMain] [debug:372] - x log4jdbc.trim.sql.extrablanklines is not defined (using default value true)
DEBUG 20260518 19:45:55.366[restartedMain] [debug:372] - x log4jdbc.suppress.generated.keys.exception is not defined (using default value false)
DEBUG 20260518 19:45:55.366[restartedMain] [debug:372] - log4jdbc-logj2 properties initialization done.
DEBUG 20260518 19:45:55.366[restartedMain] [debug:372] - DriverSpy intialization...
DEBUG 20260518 19:45:55.380[restartedMain] [debug:372] -   FOUND DRIVER com.mysql.jdbc.Driver
DEBUG 20260518 19:45:55.387[restartedMain] [debug:372] - DriverSpy intialization done.
DEBUG 20260518 19:45:55.399[restartedMain] [Restarter:69] - Creating new Restarter for thread Thread[#1,main,5,main]
DEBUG 20260518 19:45:55.399[restartedMain] [Restarter:69] - Immediately restarting application
DEBUG 20260518 19:45:55.400[restartedMain] [Restarter:69] - Starting application com.mjc813.swimpool.SwimpoolApplication with URLs [file:/C:/develop/KDTgit/codingtest/mydevelop/swimpool/build/classes/java/main/, file:/C:/develop/KDTgit/codingtest/mydevelop/swimpool/build/resources/main/]
DEBUG 20260518 19:45:55.409[restartedMain] [ConditionEvaluationReportLogger:72] - 


============================
CONDITIONS EVALUATION REPORT
============================


Positive matches:
-----------------

   AopAutoConfiguration matched:
      - @ConditionalOnBooleanProperty (spring.aop.auto=true) matched (OnPropertyCondition)

   AopAutoConfiguration.AspectJAutoProxyingConfiguration matched:
      - @ConditionalOnClass found required class 'org.aspectj.weaver.Advice' (OnClassCondition)

   AopAutoConfiguration.AspectJAutoProxyingConfiguration.CglibAutoProxyConfiguration matched:
      - @ConditionalOnBooleanProperty (spring.aop.proxy-target-class=true) matched (OnPropertyCondition)

   ApplicationAvailabilityAutoConfiguration#applicationAvailability matched:
      - @ConditionalOnMissingBean (types: org.springframework.boot.availability.ApplicationAvailability; SearchStrategy: all) did not find any beans (OnBeanCondition)

   DataJpaRepositoriesAutoConfiguration matched:
      - @ConditionalOnClass found required class 'org.springframework.data.jpa.repository.JpaRepository' (OnClassCondition)
      - @ConditionalOnBooleanProperty (spring.data.jpa.repositories.enabled=true) matched (OnPropertyCondition)
      - @ConditionalOnBean (types: javax.sql.DataSource; SearchStrategy: all) found bean 'dataSource'; @ConditionalOnMissingBean (types: org.springframework.data.jpa.repository.support.JpaRepositoryFactoryBean,org.springframework.data.jpa.repository.config.JpaRepositoryConfigExtension; SearchStrategy: all) did not find any beans (OnBeanCondition)

   DataSourceAutoConfiguration matched:
      - @ConditionalOnClass found required classes 'javax.sql.DataSource', 'org.springframework.jdbc.datasource.embedded.EmbeddedDatabaseType' (OnClassCondition)
      - @ConditionalOnMissingBean (types: io.r2dbc.spi.ConnectionFactory; SearchStrategy: all) did not find any beans (OnBeanCondition)

   DataSourceAutoConfiguration.PooledDataSourceConfiguration matched:
      - AnyNestedCondition 1 matched 1 did not; NestedCondition on DataSourceAutoConfiguration.PooledDataSourceCondition.PooledDataSourceAvailable PooledDataSource found supported DataSource; NestedCondition on DataSourceAutoConfiguration.PooledDataSourceCondition.ExplicitType @ConditionalOnProperty (spring.datasource.type) did not find property 'spring.datasource.type' (DataSourceAutoConfiguration.PooledDataSourceCondition)
      - @ConditionalOnMissingBean (types: javax.sql.DataSource,javax.sql.XADataSource; SearchStrategy: all) did not find any beans (OnBeanCondition)

   DataSourceAutoConfiguration.PooledDataSourceConfiguration#jdbcConnectionDetails matched:
      - @ConditionalOnMissingBean (types: org.springframework.boot.jdbc.autoconfigure.JdbcConnectionDetails; SearchStrategy: all) did not find any beans (OnBeanCondition)

   DataSourceConfiguration.Hikari matched:
      - @ConditionalOnClass found required class 'com.zaxxer.hikari.HikariDataSource' (OnClassCondition)
      - @ConditionalOnProperty (spring.datasource.type=com.zaxxer.hikari.HikariDataSource) matched (OnPropertyCondition)
      - @ConditionalOnMissingBean (types: javax.sql.DataSource; SearchStrategy: all) did not find any beans (OnBeanCondition)

   DataSourceInitializationAutoConfiguration matched:
      - @ConditionalOnClass found required class 'org.springframework.jdbc.datasource.init.DatabasePopulator' (OnClassCondition)
      - SQL InitializationDatabase Initialization default value is EMBEDDED (OnSqlInitializationCondition)
      - @ConditionalOnSingleCandidate (types: javax.sql.DataSource; SearchStrategy: all) found a single bean 'dataSource'; @ConditionalOnMissingBean (types: org.springframework.boot.sql.autoconfigure.init.ApplicationScriptDatabaseInitializer; SearchStrategy: all) did not find any beans (OnBeanCondition)

   DataSourceJmxConfiguration matched:
      - @ConditionalOnBooleanProperty (spring.jmx.enabled=true) matched (OnPropertyCondition)

   DataSourceJmxConfiguration.Hikari matched:
      - @ConditionalOnClass found required class 'com.zaxxer.hikari.HikariDataSource' (OnClassCondition)
      - @ConditionalOnSingleCandidate (types: javax.sql.DataSource; SearchStrategy: all) found a single bean 'dataSource' (OnBeanCondition)

   DataSourcePoolMetadataProvidersConfiguration.HikariPoolDataSourceMetadataProviderConfiguration matched:
      - @ConditionalOnClass found required class 'com.zaxxer.hikari.HikariDataSource' (OnClassCondition)

   DataSourceTransactionManagerAutoConfiguration matched:
      - @ConditionalOnClass found required classes 'javax.sql.DataSource', 'org.springframework.jdbc.core.JdbcTemplate', 'org.springframework.transaction.TransactionManager' (OnClassCondition)

   DataSourceTransactionManagerAutoConfiguration.JdbcTransactionManagerConfiguration matched:
      - @ConditionalOnSingleCandidate (types: javax.sql.DataSource; SearchStrategy: all) found a single bean 'dataSource' (OnBeanCondition)

   DataWebAutoConfiguration matched:
      - @ConditionalOnClass found required classes 'org.springframework.data.web.PageableHandlerMethodArgumentResolver', 'org.springframework.web.servlet.config.annotation.WebMvcConfigurer' (OnClassCondition)
      - found 'session' scope (OnWebApplicationCondition)
      - @ConditionalOnMissingBean (types: org.springframework.data.web.PageableHandlerMethodArgumentResolver; SearchStrategy: all) did not find any beans (OnBeanCondition)

   DataWebAutoConfiguration#pageableCustomizer matched:
      - @ConditionalOnMissingBean (types: org.springframework.data.web.config.PageableHandlerMethodArgumentResolverCustomizer; SearchStrategy: all) did not find any beans (OnBeanCondition)

   DataWebAutoConfiguration#sortCustomizer matched:
      - @ConditionalOnMissingBean (types: org.springframework.data.web.config.SortHandlerMethodArgumentResolverCustomizer; SearchStrategy: all) did not find any beans (OnBeanCondition)

   DataWebAutoConfiguration#springDataWebSettings matched:
      - @ConditionalOnMissingBean (types: org.springframework.data.web.config.SpringDataWebSettings; SearchStrategy: all) did not find any beans (OnBeanCondition)

   DevToolsDataSourceAutoConfiguration matched:
      - @ConditionalOnClass found required class 'javax.sql.DataSource' (OnClassCondition)
      - Devtools devtools enabled. (OnEnabledDevToolsCondition)
      - DevTools DataSource Condition found auto-configured DataSource (DevToolsDataSourceAutoConfiguration.DevToolsDataSourceCondition)

   DevToolsDataSourceAutoConfiguration.DatabaseShutdownExecutorEntityManagerFactoryDependsOnConfiguration matched:
      - @ConditionalOnClass found required classes 'org.springframework.boot.jpa.autoconfigure.EntityManagerFactoryDependsOnPostProcessor', 'org.springframework.orm.jpa.LocalContainerEntityManagerFactoryBean' (OnClassCondition)
      - @ConditionalOnBean (types: org.springframework.orm.jpa.AbstractEntityManagerFactoryBean; SearchStrategy: all) found bean '&entityManagerFactory' (OnBeanCondition)

   DispatcherServletAutoConfiguration matched:
      - @ConditionalOnClass found required class 'org.springframework.web.servlet.DispatcherServlet' (OnClassCondition)
      - found 'session' scope (OnWebApplicationCondition)

   DispatcherServletAutoConfiguration.DispatcherServletConfiguration matched:
      - @ConditionalOnClass found required class 'jakarta.servlet.ServletRegistration' (OnClassCondition)
      - Default DispatcherServlet did not find dispatcher servlet beans (DispatcherServletAutoConfiguration.DefaultDispatcherServletCondition)

   DispatcherServletAutoConfiguration.DispatcherServletRegistrationConfiguration matched:
      - @ConditionalOnClass found required class 'jakarta.servlet.ServletRegistration' (OnClassCondition)
      - DispatcherServlet Registration did not find servlet registration bean (DispatcherServletAutoConfiguration.DispatcherServletRegistrationCondition)

   DispatcherServletAutoConfiguration.DispatcherServletRegistrationConfiguration#dispatcherServletRegistration matched:
      - @ConditionalOnBean (names: dispatcherServlet types: org.springframework.web.servlet.DispatcherServlet; SearchStrategy: all) found bean 'dispatcherServlet' (OnBeanCondition)

   ErrorMvcAutoConfiguration matched:
      - @ConditionalOnClass found required classes 'jakarta.servlet.Servlet', 'org.springframework.web.servlet.DispatcherServlet' (OnClassCondition)
      - found 'session' scope (OnWebApplicationCondition)

   ErrorMvcAutoConfiguration#basicErrorController matched:
      - @ConditionalOnMissingBean (types: org.springframework.boot.webmvc.error.ErrorController; SearchStrategy: current) did not find any beans (OnBeanCondition)

   ErrorMvcAutoConfiguration#errorAttributes matched:
      - @ConditionalOnMissingBean (types: org.springframework.boot.webmvc.error.ErrorAttributes; SearchStrategy: current) did not find any beans (OnBeanCondition)

   ErrorMvcAutoConfiguration.DefaultErrorViewResolverConfiguration#conventionErrorViewResolver matched:
      - @ConditionalOnBean (types: org.springframework.web.servlet.DispatcherServlet; SearchStrategy: all) found bean 'dispatcherServlet'; @ConditionalOnMissingBean (types: org.springframework.boot.webmvc.autoconfigure.error.ErrorViewResolver; SearchStrategy: all) did not find any beans (OnBeanCondition)

   ErrorMvcAutoConfiguration.WhitelabelErrorViewConfiguration matched:
      - @ConditionalOnBooleanProperty (spring.web.error.whitelabel.enabled=true) matched (OnPropertyCondition)
      - ErrorTemplate Missing did not find error template view (ErrorMvcAutoConfiguration.ErrorTemplateMissingCondition)

   ErrorMvcAutoConfiguration.WhitelabelErrorViewConfiguration#beanNameViewResolver matched:
      - @ConditionalOnMissingBean (types: org.springframework.web.servlet.view.BeanNameViewResolver; SearchStrategy: all) did not find any beans (OnBeanCondition)

   ErrorMvcAutoConfiguration.WhitelabelErrorViewConfiguration#defaultErrorView matched:
      - @ConditionalOnMissingBean (names: error; SearchStrategy: all) did not find any beans (OnBeanCondition)

   FlywayAutoConfiguration matched:
      - @ConditionalOnClass found required class 'org.flywaydb.core.Flyway' (OnClassCondition)
      - @ConditionalOnBooleanProperty (spring.flyway.enabled=true) matched (OnPropertyCondition)
      - AnyNestedCondition 2 matched 1 did not; NestedCondition on FlywayAutoConfiguration.FlywayDataSourceCondition.FlywayUrlCondition @ConditionalOnProperty (spring.flyway.url) did not find property 'spring.flyway.url'; NestedCondition on FlywayAutoConfiguration.FlywayDataSourceCondition.JdbcConnectionDetailsCondition @ConditionalOnBean (types: org.springframework.boot.jdbc.autoconfigure.JdbcConnectionDetails; SearchStrategy: all) found bean 'jdbcConnectionDetails'; NestedCondition on FlywayAutoConfiguration.FlywayDataSourceCondition.DataSourceBeanCondition @ConditionalOnBean (types: javax.sql.DataSource; SearchStrategy: all) found bean 'dataSource' (FlywayAutoConfiguration.FlywayDataSourceCondition)

   FlywayAutoConfiguration.FlywayConfiguration matched:
      - @ConditionalOnClass found required class 'org.springframework.jdbc.support.JdbcUtils' (OnClassCondition)
      - @ConditionalOnMissingBean (types: org.flywaydb.core.Flyway; SearchStrategy: all) did not find any beans (OnBeanCondition)

   FlywayAutoConfiguration.FlywayConfiguration#flywayConnectionDetails matched:
      - @ConditionalOnMissingBean (types: org.springframework.boot.flyway.autoconfigure.FlywayConnectionDetails; SearchStrategy: all) did not find any beans (OnBeanCondition)

   FlywayAutoConfiguration.FlywayConfiguration#flywayInitializer matched:
      - @ConditionalOnMissingBean (types: org.springframework.boot.flyway.autoconfigure.FlywayMigrationInitializer; SearchStrategy: all) did not find any beans (OnBeanCondition)

   HibernateJpaAutoConfiguration matched:
      - @ConditionalOnClass found required classes 'org.springframework.orm.jpa.LocalContainerEntityManagerFactoryBean', 'jakarta.persistence.EntityManager', 'org.hibernate.engine.spi.SessionImplementor' (OnClassCondition)

   HibernateJpaConfiguration matched:
      - @ConditionalOnSingleCandidate (types: javax.sql.DataSource; SearchStrategy: all) found a single bean 'dataSource' (OnBeanCondition)

   HttpEncodingAutoConfiguration matched:
      - @ConditionalOnClass found required class 'org.springframework.web.filter.CharacterEncodingFilter' (OnClassCondition)
      - found 'session' scope (OnWebApplicationCondition)
      - @ConditionalOnBooleanProperty (spring.servlet.encoding.enabled=true) matched (OnPropertyCondition)

   HttpEncodingAutoConfiguration#characterEncodingFilter matched:
      - @ConditionalOnMissingBean (types: org.springframework.web.filter.CharacterEncodingFilter; SearchStrategy: all) did not find any beans (OnBeanCondition)

   HttpMessageConvertersAutoConfiguration matched:
      - @ConditionalOnClass found required class 'org.springframework.http.converter.HttpMessageConverter' (OnClassCondition)
      - NoneNestedConditions 0 matched 1 did not; NestedCondition on HttpMessageConvertersAutoConfiguration.NotReactiveWebApplicationCondition.ReactiveWebApplication did not find reactive web application classes (HttpMessageConvertersAutoConfiguration.NotReactiveWebApplicationCondition)

   HttpMessageConvertersAutoConfiguration.StringHttpMessageConverterConfiguration#stringHttpMessageConvertersCustomizer matched:
      - @ConditionalOnMissingBean (types: org.springframework.http.converter.StringHttpMessageConverter; SearchStrategy: all) did not find any beans (OnBeanCondition)

   JacksonAutoConfiguration matched:
      - @ConditionalOnClass found required class 'tools.jackson.databind.json.JsonMapper' (OnClassCondition)

   JacksonAutoConfiguration#jacksonJsonMapper matched:
      - @ConditionalOnMissingBean (types: tools.jackson.databind.json.JsonMapper; SearchStrategy: all) did not find any beans (OnBeanCondition)

   JacksonAutoConfiguration#jsonMapperBuilder matched:
      - @ConditionalOnMissingBean (types: tools.jackson.databind.json.JsonMapper$Builder; SearchStrategy: all) did not find any beans (OnBeanCondition)

   JacksonAutoConfiguration.JsonProblemDetailsConfiguration matched:
      - @ConditionalOnClass found required class 'org.springframework.http.ProblemDetail' (OnClassCondition)

   JacksonHttpMessageConvertersConfiguration.JacksonJsonHttpMessageConverterConfiguration matched:
      - @ConditionalOnClass found required class 'tools.jackson.databind.json.JsonMapper' (OnClassCondition)
      - @ConditionalOnProperty (spring.http.converters.preferred-json-mapper=jackson) matched (OnPropertyCondition)
      - @ConditionalOnBean (types: tools.jackson.databind.json.JsonMapper; SearchStrategy: all) found bean 'jacksonJsonMapper' (OnBeanCondition)

   JacksonHttpMessageConvertersConfiguration.JacksonJsonHttpMessageConverterConfiguration#jacksonJsonHttpMessageConvertersCustomizer matched:
      - @ConditionalOnMissingBean (types: org.springframework.http.converter.json.JacksonJsonHttpMessageConverter ignored: org.springframework.hateoas.server.mvc.TypeConstrainedJacksonJsonHttpMessageConverter,org.springframework.data.rest.webmvc.alps.AlpsJacksonJsonHttpMessageConverter; SearchStrategy: all) did not find any beans (OnBeanCondition)

   JdbcClientAutoConfiguration matched:
      - @ConditionalOnSingleCandidate (types: org.springframework.jdbc.core.namedparam.NamedParameterJdbcTemplate; SearchStrategy: all) found a single bean 'namedParameterJdbcTemplate'; @ConditionalOnMissingBean (types: org.springframework.jdbc.core.simple.JdbcClient; SearchStrategy: all) did not find any beans (OnBeanCondition)

   JdbcTemplateAutoConfiguration matched:
      - @ConditionalOnClass found required classes 'javax.sql.DataSource', 'org.springframework.jdbc.core.JdbcTemplate' (OnClassCondition)
      - @ConditionalOnSingleCandidate (types: javax.sql.DataSource; SearchStrategy: all) found a single bean 'dataSource' (OnBeanCondition)

   JdbcTemplateConfiguration matched:
      - @ConditionalOnMissingBean (types: org.springframework.jdbc.core.JdbcOperations; SearchStrategy: all) did not find any beans (OnBeanCondition)

   JmxAutoConfiguration matched:
      - @ConditionalOnClass found required class 'org.springframework.jmx.export.MBeanExporter' (OnClassCondition)
      - @ConditionalOnBooleanProperty (spring.jmx.enabled=true) matched (OnPropertyCondition)

   JmxAutoConfiguration#mbeanExporter matched:
      - @ConditionalOnMissingBean (types: org.springframework.jmx.export.MBeanExporter; SearchStrategy: current) did not find any beans (OnBeanCondition)

   JmxAutoConfiguration#mbeanServer matched:
      - @ConditionalOnMissingBean (types: javax.management.MBeanServer; SearchStrategy: all) did not find any beans (OnBeanCondition)

   JmxAutoConfiguration#objectNamingStrategy matched:
      - @ConditionalOnMissingBean (types: org.springframework.jmx.export.naming.ObjectNamingStrategy; SearchStrategy: current) did not find any beans (OnBeanCondition)

   JpaBaseConfiguration#entityManagerFactory matched:
      - @ConditionalOnMissingBean (types: org.springframework.orm.jpa.LocalContainerEntityManagerFactoryBean,jakarta.persistence.EntityManagerFactory; SearchStrategy: all) did not find any beans (OnBeanCondition)

   JpaBaseConfiguration#entityManagerFactoryBuilder matched:
      - @ConditionalOnMissingBean (types: org.springframework.boot.jpa.EntityManagerFactoryBuilder; SearchStrategy: all) did not find any beans (OnBeanCondition)

   JpaBaseConfiguration#jpaVendorAdapter matched:
      - @ConditionalOnMissingBean (types: org.springframework.orm.jpa.JpaVendorAdapter; SearchStrategy: all) did not find any beans (OnBeanCondition)

   JpaBaseConfiguration#transactionManager matched:
      - @ConditionalOnMissingBean (types: org.springframework.transaction.TransactionManager; SearchStrategy: all) did not find any beans (OnBeanCondition)

   JpaBaseConfiguration.JpaWebConfiguration matched:
      - @ConditionalOnClass found required class 'org.springframework.web.servlet.config.annotation.WebMvcConfigurer' (OnClassCondition)
      - found 'session' scope (OnWebApplicationCondition)
      - @ConditionalOnBooleanProperty (spring.jpa.open-in-view=true) matched (OnPropertyCondition)
      - @ConditionalOnMissingBean (types: org.springframework.orm.jpa.support.OpenEntityManagerInViewInterceptor,org.springframework.orm.jpa.support.OpenEntityManagerInViewFilter; SearchStrategy: all) did not find any beans (OnBeanCondition)

   JpaBaseConfiguration.PersistenceManagedTypesConfiguration matched:
      - @ConditionalOnMissingBean (types: org.springframework.orm.jpa.LocalContainerEntityManagerFactoryBean,jakarta.persistence.EntityManagerFactory; SearchStrategy: all) did not find any beans (OnBeanCondition)

   JpaBaseConfiguration.PersistenceManagedTypesConfiguration#persistenceManagedTypes matched:
      - @ConditionalOnMissingBean (types: org.springframework.orm.jpa.persistenceunit.PersistenceManagedTypes; SearchStrategy: all) did not find any beans (OnBeanCondition)

   JtaAutoConfiguration matched:
      - @ConditionalOnClass found required class 'jakarta.transaction.Transaction' (OnClassCondition)
      - @ConditionalOnBooleanProperty (spring.jta.enabled=true) matched (OnPropertyCondition)

   LifecycleAutoConfiguration#defaultLifecycleProcessor matched:
      - @ConditionalOnMissingBean (names: lifecycleProcessor; SearchStrategy: current) did not find any beans (OnBeanCondition)

   LocalDevToolsAutoConfiguration matched:
      - Initialized Restarter Condition available and initialized (OnInitializedRestarterCondition)

   LocalDevToolsAutoConfiguration.RestartConfiguration matched:
      - @ConditionalOnBooleanProperty (spring.devtools.restart.enabled=true) matched (OnPropertyCondition)

   LocalDevToolsAutoConfiguration.RestartConfiguration#classPathFileSystemWatcher matched:
      - @ConditionalOnMissingBean (types: org.springframework.boot.devtools.classpath.ClassPathFileSystemWatcher; SearchStrategy: all) did not find any beans (OnBeanCondition)

   LocalDevToolsAutoConfiguration.RestartConfiguration#classPathRestartStrategy matched:
      - @ConditionalOnMissingBean (types: org.springframework.boot.devtools.classpath.ClassPathRestartStrategy; SearchStrategy: all) did not find any beans (OnBeanCondition)

   LocalDevToolsAutoConfiguration.RestartConfiguration#conditionEvaluationDeltaLoggingListener matched:
      - @ConditionalOnBooleanProperty (spring.devtools.restart.log-condition-evaluation-delta=true) matched (OnPropertyCondition)

   MultipartAutoConfiguration matched:
      - @ConditionalOnClass found required classes 'jakarta.servlet.Servlet', 'org.springframework.web.multipart.support.StandardServletMultipartResolver', 'jakarta.servlet.MultipartConfigElement' (OnClassCondition)
      - found 'session' scope (OnWebApplicationCondition)
      - @ConditionalOnBooleanProperty (spring.servlet.multipart.enabled=true) matched (OnPropertyCondition)

   MultipartAutoConfiguration#multipartConfigElement matched:
      - @ConditionalOnMissingBean (types: jakarta.servlet.MultipartConfigElement; SearchStrategy: all) did not find any beans (OnBeanCondition)

   MultipartAutoConfiguration#multipartResolver matched:
      - @ConditionalOnMissingBean (types: org.springframework.web.multipart.MultipartResolver; SearchStrategy: all) did not find any beans (OnBeanCondition)

   NamedParameterJdbcTemplateConfiguration matched:
      - @ConditionalOnSingleCandidate (types: org.springframework.jdbc.core.JdbcTemplate; SearchStrategy: all) found a single bean 'jdbcTemplate'; @ConditionalOnMissingBean (types: org.springframework.jdbc.core.namedparam.NamedParameterJdbcOperations; SearchStrategy: all) did not find any beans (OnBeanCondition)

   PersistenceExceptionTranslationAutoConfiguration matched:
      - @ConditionalOnClass found required class 'org.springframework.dao.annotation.PersistenceExceptionTranslationPostProcessor' (OnClassCondition)

   PersistenceExceptionTranslationAutoConfiguration#persistenceExceptionTranslationPostProcessor matched:
      - @ConditionalOnBooleanProperty (spring.persistence.exceptiontranslation.enabled=true) matched (OnPropertyCondition)
      - @ConditionalOnMissingBean (types: org.springframework.dao.annotation.PersistenceExceptionTranslationPostProcessor; SearchStrategy: all) did not find any beans (OnBeanCondition)

   PropertyPlaceholderAutoConfiguration#propertySourcesPlaceholderConfigurer matched:
      - @ConditionalOnMissingBean (types: org.springframework.context.support.PropertySourcesPlaceholderConfigurer; SearchStrategy: current) did not find any beans (OnBeanCondition)

   SpringApplicationAdminJmxAutoConfiguration matched:
      - @ConditionalOnBooleanProperty (spring.application.admin.enabled=true) matched (OnPropertyCondition)

   SpringApplicationAdminJmxAutoConfiguration#springApplicationAdminRegistrar matched:
      - @ConditionalOnMissingBean (types: org.springframework.boot.admin.SpringApplicationAdminMXBeanRegistrar; SearchStrategy: all) did not find any beans (OnBeanCondition)

   SslAutoConfiguration#sslBundleRegistry matched:
      - @ConditionalOnMissingBean (types: org.springframework.boot.ssl.SslBundleRegistry,org.springframework.boot.ssl.SslBundles; SearchStrategy: all) did not find any beans (OnBeanCondition)

   TaskExecutionAutoConfiguration matched:
      - @ConditionalOnClass found required class 'org.springframework.scheduling.concurrent.ThreadPoolTaskExecutor' (OnClassCondition)

   TaskExecutorConfigurations.AsyncConfigurerConfiguration matched:
      - @ConditionalOnMissingBean (types: org.springframework.scheduling.annotation.AsyncConfigurer; SearchStrategy: all) did not find any beans (OnBeanCondition)

   TaskExecutorConfigurations.SimpleAsyncTaskExecutorBuilderConfiguration#simpleAsyncTaskExecutorBuilder matched:
      - @ConditionalOnMissingBean (types: org.springframework.boot.task.SimpleAsyncTaskExecutorBuilder; SearchStrategy: all) did not find any beans (OnBeanCondition)
      - @ConditionalOnThreading found PLATFORM (OnThreadingCondition)

   TaskExecutorConfigurations.TaskExecutorConfiguration matched:
      - AnyNestedCondition 1 matched 1 did not; NestedCondition on TaskExecutorConfigurations.OnExecutorCondition.ModelCondition @ConditionalOnProperty (spring.task.execution.mode=force) did not find property 'spring.task.execution.mode'; NestedCondition on TaskExecutorConfigurations.OnExecutorCondition.ExecutorBeanCondition @ConditionalOnMissingBean (types: java.util.concurrent.Executor; SearchStrategy: all) did not find any beans (TaskExecutorConfigurations.OnExecutorCondition)

   TaskExecutorConfigurations.TaskExecutorConfiguration#applicationTaskExecutor matched:
      - @ConditionalOnThreading found PLATFORM (OnThreadingCondition)

   TaskExecutorConfigurations.ThreadPoolTaskExecutorBuilderConfiguration#threadPoolTaskExecutorBuilder matched:
      - @ConditionalOnMissingBean (types: org.springframework.boot.task.ThreadPoolTaskExecutorBuilder; SearchStrategy: all) did not find any beans (OnBeanCondition)

   TaskSchedulingAutoConfiguration matched:
      - @ConditionalOnClass found required class 'org.springframework.scheduling.concurrent.ThreadPoolTaskScheduler' (OnClassCondition)

   TaskSchedulingConfigurations.SimpleAsyncTaskSchedulerBuilderConfiguration#simpleAsyncTaskSchedulerBuilder matched:
      - @ConditionalOnMissingBean (types: org.springframework.boot.task.SimpleAsyncTaskSchedulerBuilder; SearchStrategy: all) did not find any beans (OnBeanCondition)
      - @ConditionalOnThreading found PLATFORM (OnThreadingCondition)

   TaskSchedulingConfigurations.ThreadPoolTaskSchedulerBuilderConfiguration#threadPoolTaskSchedulerBuilder matched:
      - @ConditionalOnMissingBean (types: org.springframework.boot.task.ThreadPoolTaskSchedulerBuilder; SearchStrategy: all) did not find any beans (OnBeanCondition)

   TomcatServletWebServerAutoConfiguration matched:
      - @ConditionalOnClass found required classes 'jakarta.servlet.ServletRequest', 'org.apache.catalina.startup.Tomcat', 'org.apache.coyote.UpgradeProtocol', 'org.springframework.boot.tomcat.servlet.TomcatServletWebServerFactory' (OnClassCondition)
      - found 'session' scope (OnWebApplicationCondition)

   TomcatServletWebServerAutoConfiguration#tomcatServletWebServerFactory matched:
      - @ConditionalOnMissingBean (types: org.springframework.boot.web.server.servlet.ServletWebServerFactory; SearchStrategy: current) did not find any beans (OnBeanCondition)

   TomcatWebServerConfiguration matched:
      - @ConditionalOnWarDeployment the application is not deployed as a WAR file. (OnWarDeploymentCondition)

   TomcatWebServerConfiguration.TomcatWebSocketConfiguration matched:
      - @ConditionalOnClass found required class 'org.apache.tomcat.websocket.server.WsSci' (OnClassCondition)

   TransactionAutoConfiguration matched:
      - @ConditionalOnClass found required class 'org.springframework.transaction.PlatformTransactionManager' (OnClassCondition)

   TransactionAutoConfiguration.EnableTransactionManagementConfiguration matched:
      - @ConditionalOnBean (types: org.springframework.transaction.TransactionManager; SearchStrategy: all) found bean 'transactionManager'; @ConditionalOnMissingBean (types: org.springframework.transaction.annotation.AbstractTransactionManagementConfiguration; SearchStrategy: all) did not find any beans (OnBeanCondition)

   TransactionAutoConfiguration.EnableTransactionManagementConfiguration.CglibAutoProxyConfiguration matched:
      - @ConditionalOnBooleanProperty (spring.aop.proxy-target-class=true) matched (OnPropertyCondition)

   TransactionAutoConfiguration.TransactionTemplateConfiguration matched:
      - @ConditionalOnSingleCandidate (types: org.springframework.transaction.PlatformTransactionManager; SearchStrategy: all) found a single bean 'transactionManager' (OnBeanCondition)

   TransactionAutoConfiguration.TransactionTemplateConfiguration#transactionTemplate matched:
      - @ConditionalOnMissingBean (types: org.springframework.transaction.support.TransactionOperations; SearchStrategy: all) did not find any beans (OnBeanCondition)

   TransactionManagerCustomizationAutoConfiguration matched:
      - @ConditionalOnClass found required class 'org.springframework.transaction.PlatformTransactionManager' (OnClassCondition)

   TransactionManagerCustomizationAutoConfiguration#platformTransactionManagerCustomizers matched:
      - @ConditionalOnMissingBean (types: org.springframework.boot.transaction.autoconfigure.TransactionManagerCustomizers; SearchStrategy: all) did not find any beans (OnBeanCondition)

   WebMvcAutoConfiguration matched:
      - @ConditionalOnClass found required classes 'jakarta.servlet.Servlet', 'org.springframework.web.servlet.DispatcherServlet', 'org.springframework.web.servlet.config.annotation.WebMvcConfigurer' (OnClassCondition)
      - found 'session' scope (OnWebApplicationCondition)
      - @ConditionalOnMissingBean (types: org.springframework.web.servlet.config.annotation.WebMvcConfigurationSupport; SearchStrategy: all) did not find any beans (OnBeanCondition)

   WebMvcAutoConfiguration#formContentFilter matched:
      - @ConditionalOnBooleanProperty (spring.mvc.formcontent.filter.enabled=true) matched (OnPropertyCondition)
      - @ConditionalOnMissingBean (types: org.springframework.web.filter.FormContentFilter; SearchStrategy: all) did not find any beans (OnBeanCondition)

   WebMvcAutoConfiguration.EnableWebMvcConfiguration#flashMapManager matched:
      - @ConditionalOnMissingBean (names: flashMapManager; SearchStrategy: all) did not find any beans (OnBeanCondition)

   WebMvcAutoConfiguration.EnableWebMvcConfiguration#localeResolver matched:
      - @ConditionalOnMissingBean (names: localeResolver; SearchStrategy: all) did not find any beans (OnBeanCondition)

   WebMvcAutoConfiguration.EnableWebMvcConfiguration#viewNameTranslator matched:
      - @ConditionalOnMissingBean (names: viewNameTranslator; SearchStrategy: all) did not find any beans (OnBeanCondition)

   WebMvcAutoConfiguration.WebMvcAutoConfigurationAdapter#defaultViewResolver matched:
      - @ConditionalOnMissingBean (types: org.springframework.web.servlet.view.InternalResourceViewResolver; SearchStrategy: all) did not find any beans (OnBeanCondition)

   WebMvcAutoConfiguration.WebMvcAutoConfigurationAdapter#requestContextFilter matched:
      - @ConditionalOnMissingBean (types: org.springframework.web.context.request.RequestContextListener,org.springframework.web.filter.RequestContextFilter; SearchStrategy: all) did not find any beans (OnBeanCondition)

   WebMvcAutoConfiguration.WebMvcAutoConfigurationAdapter#viewResolver matched:
      - @ConditionalOnBean (types: org.springframework.web.servlet.ViewResolver; SearchStrategy: all) found beans 'defaultViewResolver', 'beanNameViewResolver', 'mvcViewResolver'; @ConditionalOnMissingBean (names: viewResolver types: org.springframework.web.servlet.view.ContentNegotiatingViewResolver; SearchStrategy: all) did not find any beans (OnBeanCondition)


Negative matches:
-----------------

   AopAutoConfiguration.AspectJAutoProxyingConfiguration.JdkDynamicAutoProxyConfiguration:
      Did not match:
         - @ConditionalOnBooleanProperty (spring.aop.proxy-target-class=false) did not find property 'spring.aop.proxy-target-class' (OnPropertyCondition)

   AopAutoConfiguration.ClassProxyingConfiguration:
      Did not match:
         - @ConditionalOnMissingClass found unwanted class 'org.aspectj.weaver.Advice' (OnClassCondition)

   DataJpaRepositoriesAutoConfiguration#entityManagerFactoryBootstrapExecutorCustomizer:
      Did not match:
         - AnyNestedCondition 0 matched 2 did not; NestedCondition on DataJpaRepositoriesAutoConfiguration.BootstrapExecutorCondition.LazyBootstrapMode @ConditionalOnProperty (spring.data.jpa.repositories.bootstrap-mode=lazy) did not find property 'spring.data.jpa.repositories.bootstrap-mode'; NestedCondition on DataJpaRepositoriesAutoConfiguration.BootstrapExecutorCondition.DeferredBootstrapMode @ConditionalOnProperty (spring.data.jpa.repositories.bootstrap-mode=deferred) did not find property 'spring.data.jpa.repositories.bootstrap-mode' (DataJpaRepositoriesAutoConfiguration.BootstrapExecutorCondition)

   DataRepositoryMetricsAutoConfiguration:
      Did not match:
         - @ConditionalOnBean did not find required type 'io.micrometer.core.instrument.MeterRegistry' (OnBeanCondition)

   DataSourceAutoConfiguration.EmbeddedDatabaseConfiguration:
      Did not match:
         - EmbeddedDataSource found supported pooled data source (DataSourceAutoConfiguration.EmbeddedDatabaseCondition)

   DataSourceCheckpointRestoreConfiguration:
      Did not match:
         - @ConditionalOnClass did not find required class 'org.crac.Resource' (OnClassCondition)

   DataSourceConfiguration.Dbcp2:
      Did not match:
         - @ConditionalOnClass did not find required class 'org.apache.commons.dbcp2.BasicDataSource' (OnClassCondition)

   DataSourceConfiguration.Generic:
      Did not match:
         - @ConditionalOnProperty (spring.datasource.type) did not find property 'spring.datasource.type' (OnPropertyCondition)

   DataSourceConfiguration.OracleUcp:
      Did not match:
         - @ConditionalOnClass did not find required classes 'oracle.ucp.jdbc.PoolDataSourceImpl', 'oracle.jdbc.OracleConnection' (OnClassCondition)

   DataSourceConfiguration.Tomcat:
      Did not match:
         - @ConditionalOnClass did not find required class 'org.apache.tomcat.jdbc.pool.DataSource' (OnClassCondition)

   DataSourceHealthContributorAutoConfiguration:
      Did not match:
         - @ConditionalOnClass did not find required class 'org.springframework.boot.health.autoconfigure.contributor.ConditionalOnEnabledHealthIndicator' (OnClassCondition)

   DataSourceJmxConfiguration.TomcatDataSourceJmxConfiguration:
      Did not match:
         - @ConditionalOnClass did not find required class 'org.apache.tomcat.jdbc.pool.DataSourceProxy' (OnClassCondition)

   DataSourcePoolMetadataProvidersConfiguration.CommonsDbcp2PoolDataSourceMetadataProviderConfiguration:
      Did not match:
         - @ConditionalOnClass did not find required class 'org.apache.commons.dbcp2.BasicDataSource' (OnClassCondition)

   DataSourcePoolMetadataProvidersConfiguration.OracleUcpPoolDataSourceMetadataProviderConfiguration:
      Did not match:
         - @ConditionalOnClass did not find required classes 'oracle.ucp.jdbc.PoolDataSource', 'oracle.jdbc.OracleConnection' (OnClassCondition)

   DataSourcePoolMetadataProvidersConfiguration.TomcatDataSourcePoolMetadataProviderConfiguration:
      Did not match:
         - @ConditionalOnClass did not find required class 'org.apache.tomcat.jdbc.pool.DataSource' (OnClassCondition)

   DataSourcePoolMetricsAutoConfiguration:
      Did not match:
         - @ConditionalOnClass did not find required class 'io.micrometer.core.instrument.MeterRegistry' (OnClassCondition)

   DataSourceTransactionManagerAutoConfiguration.JdbcTransactionManagerConfiguration#transactionManager:
      Did not match:
         - @ConditionalOnMissingBean (types: org.springframework.transaction.TransactionManager; SearchStrategy: all) found beans of type 'org.springframework.transaction.TransactionManager' transactionManager (OnBeanCondition)

   DevToolsR2dbcAutoConfiguration:
      Did not match:
         - @ConditionalOnClass did not find required class 'io.r2dbc.spi.ConnectionFactory' (OnClassCondition)

   DispatcherServletAutoConfiguration.DispatcherServletConfiguration#multipartResolver:
      Did not match:
         - @ConditionalOnBean (types: org.springframework.web.multipart.MultipartResolver; SearchStrategy: all) did not find any beans of type org.springframework.web.multipart.MultipartResolver (OnBeanCondition)

   FlywayAutoConfiguration.FlywayConfiguration.OracleConfiguration:
      Did not match:
         - @ConditionalOnClass did not find required class 'org.flywaydb.database.oracle.OracleConfigurationExtension' (OnClassCondition)

   FlywayAutoConfiguration.FlywayConfiguration.PostgresqlConfiguration:
      Did not match:
         - @ConditionalOnClass did not find required class 'org.flywaydb.database.postgresql.PostgreSQLConfigurationExtension' (OnClassCondition)

   FlywayAutoConfiguration.FlywayConfiguration.SqlServerConfiguration:
      Did not match:
         - @ConditionalOnClass did not find required class 'org.flywaydb.database.sqlserver.SQLServerConfigurationExtension' (OnClassCondition)

   FlywayEndpointAutoConfiguration:
      Did not match:
         - @ConditionalOnClass did not find required class 'org.springframework.boot.actuate.autoconfigure.endpoint.condition.ConditionalOnAvailableEndpoint' (OnClassCondition)

   GsonHttpMessageConvertersConfiguration:
      Did not match:
         - @ConditionalOnClass did not find required class 'com.google.gson.Gson' (OnClassCondition)

   HibernateMetricsAutoConfiguration:
      Did not match:
         - @ConditionalOnClass did not find required class 'io.micrometer.core.instrument.MeterRegistry' (OnClassCondition)

   Jackson2HttpMessageConvertersConfiguration.MappingJackson2HttpMessageConverterConfiguration:
      Did not match:
         - AnyNestedCondition 0 matched 2 did not; NestedCondition on Jackson2HttpMessageConvertersConfiguration.PreferJackson2OrJacksonUnavailableCondition.JacksonUnavailable @ConditionalOnMissingBean (types: org.springframework.boot.http.converter.autoconfigure.JacksonHttpMessageConvertersConfiguration$JacksonJsonHttpMessageConvertersCustomizer; SearchStrategy: all) found beans of type 'org.springframework.boot.http.converter.autoconfigure.JacksonHttpMessageConvertersConfiguration$JacksonJsonHttpMessageConvertersCustomizer' jacksonJsonHttpMessageConvertersCustomizer; NestedCondition on Jackson2HttpMessageConvertersConfiguration.PreferJackson2OrJacksonUnavailableCondition.Jackson2Preferred @ConditionalOnProperty (spring.http.converters.preferred-json-mapper=jackson2) did not find property 'spring.http.converters.preferred-json-mapper' (Jackson2HttpMessageConvertersConfiguration.PreferJackson2OrJacksonUnavailableCondition)
      Matched:
         - @ConditionalOnClass found required class 'com.fasterxml.jackson.databind.ObjectMapper' (OnClassCondition)

   Jackson2HttpMessageConvertersConfiguration.MappingJackson2XmlHttpMessageConverterConfiguration:
      Did not match:
         - @ConditionalOnClass did not find required class 'com.fasterxml.jackson.dataformat.xml.XmlMapper' (OnClassCondition)

   JacksonAutoConfiguration.CborConfiguration:
      Did not match:
         - @ConditionalOnClass did not find required class 'tools.jackson.dataformat.cbor.CBORMapper' (OnClassCondition)

   JacksonAutoConfiguration.XmlConfiguration:
      Did not match:
         - @ConditionalOnClass did not find required class 'tools.jackson.dataformat.xml.XmlMapper' (OnClassCondition)

   JacksonHttpMessageConvertersConfiguration.JacksonXmlHttpMessageConverterConfiguration:
      Did not match:
         - @ConditionalOnClass did not find required class 'tools.jackson.dataformat.xml.XmlMapper' (OnClassCondition)

   JndiDataSourceAutoConfiguration:
      Did not match:
         - @ConditionalOnProperty (spring.datasource.jndi-name) did not find property 'spring.datasource.jndi-name' (OnPropertyCondition)
      Matched:
         - @ConditionalOnClass found required classes 'javax.sql.DataSource', 'org.springframework.jdbc.datasource.embedded.EmbeddedDatabaseType' (OnClassCondition)

   JndiJtaConfiguration:
      Did not match:
         - @ConditionalOnJndi JNDI environment is not available (OnJndiCondition)
      Matched:
         - @ConditionalOnClass found required class 'org.springframework.transaction.jta.JtaTransactionManager' (OnClassCondition)

   JsonbHttpMessageConvertersConfiguration:
      Did not match:
         - @ConditionalOnClass did not find required class 'jakarta.json.bind.Jsonb' (OnClassCondition)

   KotlinSerializationHttpMessageConvertersConfiguration:
      Did not match:
         - @ConditionalOnClass did not find required classes 'kotlinx.serialization.Serializable', 'kotlinx.serialization.json.Json' (OnClassCondition)

   LocalDevToolsAutoConfiguration.LiveReloadConfiguration:
      Did not match:
         - @ConditionalOnBooleanProperty (spring.devtools.livereload.enabled=true) did not find property 'spring.devtools.livereload.enabled' (OnPropertyCondition)

   MessageSourceAutoConfiguration:
      Did not match:
         - ResourceBundle did not find bundle with basename messages (MessageSourceAutoConfiguration.ResourceBundleCondition)

   ProjectInfoAutoConfiguration#buildProperties:
      Did not match:
         - @ConditionalOnResource did not find resource '${spring.info.build.location:classpath:META-INF/build-info.properties}' (OnResourceCondition)

   ProjectInfoAutoConfiguration#gitProperties:
      Did not match:
         - GitResource did not find git info at classpath:git.properties (ProjectInfoAutoConfiguration.GitResourceAvailableCondition)

   RemoteDevToolsAutoConfiguration:
      Did not match:
         - @ConditionalOnProperty (spring.devtools.remote.secret) did not find property 'spring.devtools.remote.secret' (OnPropertyCondition)
      Matched:
         - @ConditionalOnClass found required classes 'jakarta.servlet.Filter', 'org.springframework.http.server.ServerHttpRequest', 'org.springframework.boot.web.server.autoconfigure.ServerProperties' (OnClassCondition)

   ServletHttpExchangesAutoConfiguration:
      Did not match:
         - @ConditionalOnBean did not find required type 'org.springframework.boot.actuate.web.exchanges.HttpExchangeRepository' (OnBeanCondition)

   ServletManagementContextAutoConfiguration:
      Did not match:
         - @ConditionalOnClass did not find required class 'org.springframework.boot.actuate.autoconfigure.endpoint.web.WebEndpointProperties' (OnClassCondition)

   ServletMappingsAutoConfiguration:
      Did not match:
         - @ConditionalOnClass did not find required class 'org.springframework.boot.actuate.autoconfigure.endpoint.condition.ConditionalOnAvailableEndpoint' (OnClassCondition)

   ServletWebServerConfiguration#forwardedHeaderFilter:
      Did not match:
         - @ConditionalOnProperty (server.forward-headers-strategy=framework) did not find property 'server.forward-headers-strategy' (OnPropertyCondition)

   TaskExecutorConfigurations.AsyncConfigurerWrapperConfiguration:
      Did not match:
         - @ConditionalOnBean (types: org.springframework.scheduling.annotation.AsyncConfigurer; SearchStrategy: all) did not find any beans of type org.springframework.scheduling.annotation.AsyncConfigurer (OnBeanCondition)

   TaskExecutorConfigurations.SimpleAsyncTaskExecutorBuilderConfiguration#simpleAsyncTaskExecutorBuilderVirtualThreads:
      Did not match:
         - @ConditionalOnMissingBean (types: org.springframework.boot.task.SimpleAsyncTaskExecutorBuilder; SearchStrategy: all) found beans of type 'org.springframework.boot.task.SimpleAsyncTaskExecutorBuilder' simpleAsyncTaskExecutorBuilder (OnBeanCondition)

   TaskExecutorConfigurations.TaskExecutorConfiguration#applicationTaskExecutorVirtualThreads:
      Did not match:
         - @ConditionalOnThreading did not find VIRTUAL (OnThreadingCondition)

   TaskSchedulingAutoConfiguration#scheduledBeanLazyInitializationExcludeFilter:
      Did not match:
         - @ConditionalOnBean (names: org.springframework.scheduling.config.internalScheduledAnnotationProcessor; SearchStrategy: all) did not find any beans named org.springframework.scheduling.config.internalScheduledAnnotationProcessor (OnBeanCondition)

   TaskSchedulingConfigurations.SimpleAsyncTaskSchedulerBuilderConfiguration#simpleAsyncTaskSchedulerBuilderVirtualThreads:
      Did not match:
         - @ConditionalOnMissingBean (types: org.springframework.boot.task.SimpleAsyncTaskSchedulerBuilder; SearchStrategy: all) found beans of type 'org.springframework.boot.task.SimpleAsyncTaskSchedulerBuilder' simpleAsyncTaskSchedulerBuilder (OnBeanCondition)

   TaskSchedulingConfigurations.TaskSchedulerConfiguration:
      Did not match:
         - @ConditionalOnBean (names: org.springframework.scheduling.config.internalScheduledAnnotationProcessor; SearchStrategy: all) did not find any beans named org.springframework.scheduling.config.internalScheduledAnnotationProcessor (OnBeanCondition)

   TomcatMetricsAutoConfiguration:
      Did not match:
         - @ConditionalOnClass did not find required class 'io.micrometer.core.instrument.binder.tomcat.TomcatMetrics' (OnClassCondition)

   TomcatReactiveManagementContextAutoConfiguration:
      Did not match:
         - @ConditionalOnClass did not find required class 'org.springframework.boot.actuate.autoconfigure.web.server.ManagementContextFactory' (OnClassCondition)

   TomcatReactiveWebServerAutoConfiguration:
      Did not match:
         - @ConditionalOnWebApplication did not find reactive web application classes (OnWebApplicationCondition)

   TomcatServletManagementContextAutoConfiguration:
      Did not match:
         - @ConditionalOnClass did not find required class 'org.springframework.boot.actuate.autoconfigure.web.server.ManagementContextFactory' (OnClassCondition)

   TomcatServletWebServerAutoConfiguration#tomcatForwardedHeaderFilterCustomizer:
      Did not match:
         - @ConditionalOnProperty (server.forward-headers-strategy=framework) did not find property 'server.forward-headers-strategy' (OnPropertyCondition)

   TomcatWebServerConfiguration#tomcatVirtualThreadsProtocolHandlerCustomizer:
      Did not match:
         - @ConditionalOnThreading did not find VIRTUAL (OnThreadingCondition)

   TransactionAutoConfiguration#transactionalOperator:
      Did not match:
         - @ConditionalOnSingleCandidate (types: org.springframework.transaction.ReactiveTransactionManager; SearchStrategy: all) did not find any beans (OnBeanCondition)

   TransactionAutoConfiguration.AspectJTransactionManagementConfiguration:
      Did not match:
         - @ConditionalOnBean (types: org.springframework.transaction.aspectj.AbstractTransactionAspect; SearchStrategy: all) did not find any beans of type org.springframework.transaction.aspectj.AbstractTransactionAspect (OnBeanCondition)

   TransactionAutoConfiguration.EnableTransactionManagementConfiguration.JdkDynamicAutoProxyConfiguration:
      Did not match:
         - @ConditionalOnBooleanProperty (spring.aop.proxy-target-class=false) did not find property 'spring.aop.proxy-target-class' (OnPropertyCondition)

   WebMvcAutoConfiguration#hiddenHttpMethodFilter:
      Did not match:
         - @ConditionalOnBooleanProperty (spring.mvc.hiddenmethod.filter.enabled=true) did not find property 'spring.mvc.hiddenmethod.filter.enabled' (OnPropertyCondition)

   WebMvcAutoConfiguration.ProblemDetailsErrorHandlingConfiguration:
      Did not match:
         - @ConditionalOnBooleanProperty (spring.mvc.problemdetails.enabled=true) did not find property 'spring.mvc.problemdetails.enabled' (OnPropertyCondition)

   WebMvcAutoConfiguration.ResourceChainCustomizerConfiguration:
      Did not match:
         - @ConditionalOnEnabledResourceChain did not find class org.webjars.WebJarVersionLocator (OnEnabledResourceChainCondition)

   WebMvcAutoConfiguration.WebMvcAutoConfigurationAdapter#beanNameViewResolver:
      Did not match:
         - @ConditionalOnMissingBean (types: org.springframework.web.servlet.view.BeanNameViewResolver; SearchStrategy: all) found beans of type 'org.springframework.web.servlet.view.BeanNameViewResolver' beanNameViewResolver (OnBeanCondition)

   WebMvcHealthEndpointExtensionAutoConfiguration:
      Did not match:
         - @ConditionalOnClass did not find required class 'org.springframework.boot.health.actuate.endpoint.HealthEndpoint' (OnClassCondition)

   WebMvcMappingsAutoConfiguration:
      Did not match:
         - @ConditionalOnClass did not find required class 'org.springframework.boot.actuate.autoconfigure.endpoint.condition.ConditionalOnAvailableEndpoint' (OnClassCondition)

   WebMvcObservationAutoConfiguration:
      Did not match:
         - @ConditionalOnClass did not find required class 'org.springframework.boot.micrometer.observation.autoconfigure.ObservationProperties' (OnClassCondition)

   XADataSourceAutoConfiguration:
      Did not match:
         - @ConditionalOnBean (types: org.springframework.boot.jdbc.XADataSourceWrapper; SearchStrategy: all) did not find any beans of type org.springframework.boot.jdbc.XADataSourceWrapper (OnBeanCondition)
      Matched:
         - @ConditionalOnClass found required classes 'javax.sql.DataSource', 'jakarta.transaction.TransactionManager', 'org.springframework.jdbc.datasource.embedded.EmbeddedDatabaseType' (OnClassCondition)


Exclusions:
-----------

    None


Unconditional classes:
----------------------

    org.springframework.boot.autoconfigure.context.ConfigurationPropertiesAutoConfiguration

    org.springframework.boot.autoconfigure.ssl.SslAutoConfiguration

    org.springframework.boot.autoconfigure.context.LifecycleAutoConfiguration

    org.springframework.boot.autoconfigure.context.PropertyPlaceholderAutoConfiguration

    one.stayfocused.spring.dotenv.config.DotenvAutoConfiguration

    org.springframework.boot.autoconfigure.availability.ApplicationAvailabilityAutoConfiguration

    org.springframework.boot.autoconfigure.info.ProjectInfoAutoConfiguration



DEBUG 20260518 19:45:55.461[restartedMain] [LoggingFailureAnalysisReporter:37] - Application failed to start due to an exception
org.springframework.boot.jdbc.autoconfigure.DataSourceProperties$DataSourceBeanCreationException: Failed to determine a suitable driver class
	at org.springframework.boot.jdbc.autoconfigure.DataSourceProperties.determineDriverClassName(DataSourceProperties.java:179)
	at org.springframework.boot.jdbc.autoconfigure.PropertiesJdbcConnectionDetails.getDriverClassName(PropertiesJdbcConnectionDetails.java:51)
	at org.springframework.boot.jdbc.autoconfigure.DataSourceConfiguration.createDataSource(DataSourceConfiguration.java:63)
	at org.springframework.boot.jdbc.autoconfigure.DataSourceConfiguration$Hikari.dataSource(DataSourceConfiguration.java:128)
	at java.base/jdk.internal.reflect.DirectMethodHandleAccessor.invoke(DirectMethodHandleAccessor.java:103)
	at java.base/java.lang.reflect.Method.invoke(Method.java:580)
	at org.springframework.beans.factory.support.SimpleInstantiationStrategy.lambda$instantiate$0(SimpleInstantiationStrategy.java:155)
	at org.springframework.beans.factory.support.SimpleInstantiationStrategy.instantiateWithFactoryMethod(SimpleInstantiationStrategy.java:72)
	at org.springframework.beans.factory.support.SimpleInstantiationStrategy.instantiate(SimpleInstantiationStrategy.java:152)
	at org.springframework.beans.factory.support.ConstructorResolver.instantiate(ConstructorResolver.java:653)
	at org.springframework.beans.factory.support.ConstructorResolver.instantiateUsingFactoryMethod(ConstructorResolver.java:645)
	at org.springframework.beans.factory.support.AbstractAutowireCapableBeanFactory.instantiateUsingFactoryMethod(AbstractAutowireCapableBeanFactory.java:1362)
	at org.springframework.beans.factory.support.AbstractAutowireCapableBeanFactory.createBeanInstance(AbstractAutowireCapableBeanFactory.java:1194)
	at org.springframework.beans.factory.support.AbstractAutowireCapableBeanFactory.doCreateBean(AbstractAutowireCapableBeanFactory.java:565)
	at org.springframework.beans.factory.support.AbstractAutowireCapableBeanFactory.createBean(AbstractAutowireCapableBeanFactory.java:525)
	at org.springframework.beans.factory.support.AbstractBeanFactory.lambda$doGetBean$0(AbstractBeanFactory.java:333)
	at org.springframework.beans.factory.support.DefaultSingletonBeanRegistry.getSingleton(DefaultSingletonBeanRegistry.java:371)
	at org.springframework.beans.factory.support.AbstractBeanFactory.doGetBean(AbstractBeanFactory.java:331)
	at org.springframework.beans.factory.support.AbstractBeanFactory.getBean(AbstractBeanFactory.java:201)
	at org.springframework.beans.factory.support.DefaultListableBeanFactory.resolveBean(DefaultListableBeanFactory.java:1225)
	at org.springframework.beans.factory.support.DefaultListableBeanFactory.doResolveDependency(DefaultListableBeanFactory.java:1704)
	at org.springframework.beans.factory.support.DefaultListableBeanFactory.resolveDependency(DefaultListableBeanFactory.java:1651)
	at org.springframework.beans.factory.support.ConstructorResolver.resolveAutowiredArgument(ConstructorResolver.java:912)
	at org.springframework.beans.factory.support.ConstructorResolver.createArgumentArray(ConstructorResolver.java:791)
	at org.springframework.beans.factory.support.ConstructorResolver.instantiateUsingFactoryMethod(ConstructorResolver.java:546)
	at org.springframework.beans.factory.support.AbstractAutowireCapableBeanFactory.instantiateUsingFactoryMethod(AbstractAutowireCapableBeanFactory.java:1362)
	at org.springframework.beans.factory.support.AbstractAutowireCapableBeanFactory.createBeanInstance(AbstractAutowireCapableBeanFactory.java:1194)
	at org.springframework.beans.factory.support.AbstractAutowireCapableBeanFactory.doCreateBean(AbstractAutowireCapableBeanFactory.java:565)
	at org.springframework.beans.factory.support.AbstractAutowireCapableBeanFactory.createBean(AbstractAutowireCapableBeanFactory.java:525)
	at org.springframework.beans.factory.support.AbstractBeanFactory.lambda$doGetBean$0(AbstractBeanFactory.java:333)
	at org.springframework.beans.factory.support.DefaultSingletonBeanRegistry.getSingleton(DefaultSingletonBeanRegistry.java:371)
	at org.springframework.beans.factory.support.AbstractBeanFactory.doGetBean(AbstractBeanFactory.java:331)
	at org.springframework.beans.factory.support.AbstractBeanFactory.getBean(AbstractBeanFactory.java:196)
	at org.springframework.beans.factory.support.AbstractBeanFactory.doGetBean(AbstractBeanFactory.java:309)
	at org.springframework.beans.factory.support.AbstractBeanFactory.getBean(AbstractBeanFactory.java:201)
	at org.springframework.context.support.AbstractApplicationContext.finishBeanFactoryInitialization(AbstractApplicationContext.java:977)
	at org.springframework.context.support.AbstractApplicationContext.refresh(AbstractApplicationContext.java:621)
	at org.springframework.boot.web.server.servlet.context.ServletWebServerApplicationContext.refresh(ServletWebServerApplicationContext.java:143)
	at org.springframework.boot.SpringApplication.refresh(SpringApplication.java:756)
	at org.springframework.boot.SpringApplication.refreshContext(SpringApplication.java:445)
	at org.springframework.boot.SpringApplication.run(SpringApplication.java:321)
	at org.springframework.boot.SpringApplication.run(SpringApplication.java:1365)
	at org.springframework.boot.SpringApplication.run(SpringApplication.java:1354)
	at com.mjc813.swimpool.SwimpoolApplication.main(SwimpoolApplication.java:10)
	at java.base/jdk.internal.reflect.DirectMethodHandleAccessor.invoke(DirectMethodHandleAccessor.java:103)
	at java.base/java.lang.reflect.Method.invoke(Method.java:580)
	at org.springframework.boot.devtools.restart.RestartLauncher.run(RestartLauncher.java:52)
ERROR 20260518 19:45:55.466[restartedMain] [LoggingFailureAnalysisReporter:40] - 

***************************
APPLICATION FAILED TO START
***************************

Description:

Failed to configure a DataSource: 'url' attribute is not specified and no embedded datasource could be configured.

Reason: Failed to determine a suitable driver class


Action:

Consider the following:
	If you want an embedded database (H2, HSQL or Derby), please put it on the classpath.
	If you have database settings to be loaded from a particular profile you may need to activate it (the profiles pord are currently active).

